-- phpMyAdmin SQL Dump
-- version 4.5.1
-- http://www.phpmyadmin.net
--
-- Host: 127.0.0.1
-- Czas generowania: 01 Wrz 2016, 21:59
-- Wersja serwera: 10.1.13-MariaDB
-- Wersja PHP: 7.0.8

SET SQL_MODE = "NO_AUTO_VALUE_ON_ZERO";
SET time_zone = "+00:00";


/*!40101 SET @OLD_CHARACTER_SET_CLIENT=@@CHARACTER_SET_CLIENT */;
/*!40101 SET @OLD_CHARACTER_SET_RESULTS=@@CHARACTER_SET_RESULTS */;
/*!40101 SET @OLD_COLLATION_CONNECTION=@@COLLATION_CONNECTION */;
/*!40101 SET NAMES utf8mb4 */;

--
-- Baza danych: `languages`
--

-- --------------------------------------------------------

--
-- Struktura tabeli dla tabeli `category`
--

CREATE TABLE `category` (
  `Id` int(5) NOT NULL,
  `Name` text NOT NULL
) ENGINE=InnoDB DEFAULT CHARSET=utf8;

-- --------------------------------------------------------

--
-- Struktura tabeli dla tabeli `croatian`
--

CREATE TABLE `croatian` (
  `Id` int(11) NOT NULL,
  `Text` text NOT NULL,
  `Details` text CHARACTER SET latin1 NOT NULL,
  `Usage` text CHARACTER SET latin1 NOT NULL
) ENGINE=InnoDB DEFAULT CHARSET=utf8;

--
-- Zrzut danych tabeli `croatian`
--

INSERT INTO `croatian` (`Id`, `Text`, `Details`, `Usage`) VALUES
(1, 'apsolutan', '', ''),
(685, 'n/a', '', ''),
(751, 'detalj ?', '', ''),
(940, 'n/a', '', ''),
(947, 'ja', '', ''),
(948, 'ti', '', ''),
(954, 'čaj', '', ''),
(959, 'n/a', '', ''),
(998, 'voda', '', ''),
(1000, 'vi', '', ''),
(1003, 'plan', '', ''),
(1006, 'produkt', '', ''),
(1007, 'novi', '', '');

-- --------------------------------------------------------

--
-- Struktura tabeli dla tabeli `czech`
--

CREATE TABLE `czech` (
  `Id` int(11) NOT NULL,
  `Text` text NOT NULL,
  `Details` text CHARACTER SET latin1 NOT NULL,
  `Usage` text CHARACTER SET latin1 NOT NULL
) ENGINE=InnoDB DEFAULT CHARSET=utf8;

--
-- Zrzut danych tabeli `czech`
--

INSERT INTO `czech` (`Id`, `Text`, `Details`, `Usage`) VALUES
(685, 'n/a', '', ''),
(751, 'detail ?', '', ''),
(940, 'n/a', '', ''),
(947, 'já', '', ''),
(948, 'ty', '', ''),
(954, 'čaj', '', ''),
(998, 'voda', '', ''),
(1201, 'káva', '', '');

-- --------------------------------------------------------

--
-- Struktura tabeli dla tabeli `dutch`
--

CREATE TABLE `dutch` (
  `Id` int(11) NOT NULL,
  `Text` text NOT NULL,
  `Details` text NOT NULL,
  `Usage` text NOT NULL
) ENGINE=InnoDB DEFAULT CHARSET=utf8;

-- --------------------------------------------------------

--
-- Struktura tabeli dla tabeli `english`
--

CREATE TABLE `english` (
  `Id` int(11) NOT NULL,
  `Text` text NOT NULL,
  `Usage` text CHARACTER SET latin1 NOT NULL,
  `Details` text NOT NULL
) ENGINE=InnoDB DEFAULT CHARSET=utf8;

--
-- Zrzut danych tabeli `english`
--

INSERT INTO `english` (`Id`, `Text`, `Usage`, `Details`) VALUES
(1, 'absolute', '', ''),
(2, 'banal', '', ''),
(3, 'brutal', '', ''),
(4, 'n/a ', '', ''),
(5, 'delicate', '', ''),
(6, 'elegant ', '', ''),
(7, 'good', '', ''),
(8, 'congratulate', '', ''),
(9, 'intelligent', '', ''),
(10, 'intense', '', ''),
(11, 'bizarre', '', ''),
(12, 'difficult', '', ''),
(13, 'double', '', ''),
(14, 'far', '', ''),
(15, 'fresh', '', ''),
(16, 'modern', '', ''),
(17, 'brief', '', ''),
(18, 'rapid', '', ''),
(19, 'rich', '', ''),
(20, 'humane', '', ''),
(21, 'normal', '', ''),
(22, 'complicated', '', ''),
(23, 'stable', '', ''),
(24, 'super', '', ''),
(25, 'voluntary', '', ''),
(26, 'aggressive', '', ''),
(27, 'amusing', '', ''),
(28, 'direct', '', ''),
(29, 'exceptional', '', ''),
(30, 'polite', '', ''),
(31, 'ridiculous', '', ''),
(32, 'absurd', '', ''),
(33, 'tranquil', '', ''),
(34, 'abrupt', '', ''),
(35, 'absent', '', ''),
(36, 'absolute', '', ''),
(37, 'absorbent', '', ''),
(38, 'strict', '', ''),
(39, 'humble', '', ''),
(40, 'horrible', '', ''),
(41, 'positive', '', ''),
(42, 'modest', '', ''),
(43, 'superficial', '', ''),
(44, 'generous', '', ''),
(45, 'attractive', '', ''),
(46, 'energetic', '', ''),
(47, 'n/a', '', ''),
(48, 'rare', '', ''),
(49, 'tremendous', '', ''),
(50, 'cruel', '', ''),
(51, 'possible', '', ''),
(52, 'different', '', ''),
(53, 'epic', '', ''),
(54, 'official', '', ''),
(55, 'relative', '', ''),
(56, 'chic', '', ''),
(57, 'grave (serious)', '', ''),
(58, 'n/a', '', ''),
(59, 'brutally', '', ''),
(60, 'definitely', '', ''),
(61, 'exactly', '', ''),
(62, 'punctual', '', ''),
(63, 'perfidiously', '', ''),
(64, 'directly', '', ''),
(65, 'alias (aka)', '', ''),
(66, 'etiquiette', '', ''),
(67, 'frog', '', ''),
(68, 'fox', '', ''),
(69, 'foot', '', ''),
(70, 'god', '', ''),
(71, 'abstraction', '', ''),
(72, 'abstinence', '', ''),
(73, 'abstinent', '', ''),
(74, 'admiration', '', ''),
(75, 'applause', '', ''),
(76, 'apothecary (archaic!)', '', ''),
(77, 'aspirin', '', ''),
(78, 'attack', '', ''),
(79, 'base', '', ''),
(80, 'n/a (library)', '', ''),
(81, 'ceremony', '', ''),
(82, 'character', '', ''),
(83, 'n/a', '', ''),
(84, 'decision', '', ''),
(85, 'dolphin', '', ''),
(86, 'demon', '', ''),
(87, 'dialect', '', ''),
(88, 'diamond', '', ''),
(89, 'document', '', ''),
(90, 'n/a', '', ''),
(91, 'n/a (colander)', '', ''),
(92, 'n/a', '', ''),
(93, 'fiasco', '', ''),
(94, 'flotilla', '', ''),
(95, 'fragment', '', ''),
(96, 'frustration', '', ''),
(97, 'n/a', '', ''),
(98, 'function', '', ''),
(99, 'football', '', ''),
(100, 'gallery', '', ''),
(101, 'wage', '', ''),
(102, 'gesture', '', ''),
(103, 'gnu', '', ''),
(104, 'hotel', '', ''),
(105, 'intrigue', '', ''),
(106, 'candidacy', '', ''),
(107, 'n/a', '', ''),
(108, 'n/a', '', ''),
(109, 'code', '', ''),
(110, 'collection', '', ''),
(111, 'colour / color', '', ''),
(112, 'combination', '', ''),
(113, 'compromise', '', ''),
(114, 'container', '', ''),
(115, 'costume', '', ''),
(116, 'n/a', '', ''),
(117, 'cravat', '', ''),
(118, 'creature ', '', ''),
(119, 'crucifix ', '', ''),
(120, 'crypt', '', ''),
(121, 'curtain', '', ''),
(122, 'legend', '', ''),
(123, 'limit', '', ''),
(124, 'n/a (gap)', '', ''),
(125, 'n/a', '', ''),
(126, 'microphone', '', ''),
(127, 'n/a', '', ''),
(128, 'anguish', '', ''),
(129, 'apple', '', ''),
(130, 'apricot', '', ''),
(131, 'equivalent', '', ''),
(132, 'dragon', '', ''),
(133, 'iceberg', '', ''),
(134, 'elefant', '', ''),
(135, 'angel', '', ''),
(136, 'excursion (expedition)', '', ''),
(138, 'flesh', '', ''),
(139, 'hand', '', ''),
(140, 'milk', '', ''),
(141, 'monster', '', ''),
(142, 'deluge (flood)', '', ''),
(143, 'flower', '', ''),
(144, 'n/a', '', ''),
(145, 'n/a', '', ''),
(146, 'n/a', '', ''),
(147, 'patience', '', ''),
(148, 'pharmacy', '', ''),
(149, 'n/a', '', ''),
(150, 'poison', '', ''),
(151, 'nephew', '', ''),
(152, 'nigger', '', ''),
(153, 'easter', '', ''),
(154, 'swarm', '', ''),
(155, 'cigarette', '', ''),
(156, 'exception', '', ''),
(157, 'night', '', ''),
(159, 'nose', '', ''),
(160, 'object', '', ''),
(161, 'n/a', '', ''),
(162, 'ovation', '', ''),
(163, 'parliament', '', ''),
(164, 'father', '', ''),
(165, 'perfidy', '', ''),
(166, 'personnel (staff)', '', ''),
(167, 'planet', '', ''),
(168, 'politics', '', ''),
(169, 'n/a (novel)', '', ''),
(170, 'position', '', ''),
(171, 'process', '', ''),
(172, 'respect', '', ''),
(173, 'ruby', '', ''),
(174, 'secret', '', ''),
(175, 'season', '', ''),
(176, 'station', '', ''),
(177, 'start', '', ''),
(178, 'strike', '', ''),
(179, 'subwoofer', '', ''),
(180, 'symptom', '', ''),
(181, 'skeleton', '', ''),
(182, 'storm (in the sea)', '', ''),
(183, 'shift', '', ''),
(184, 'table', '', ''),
(185, 'team', '', ''),
(186, 'tragedy', '', ''),
(187, 'tunnel ', '', ''),
(188, 'tiger', '', ''),
(189, 'overture', '', ''),
(190, 'valise', '', ''),
(191, 'worth', '', ''),
(192, 'n/a', '', ''),
(193, 'wine', '', ''),
(194, 'volunteer', '', ''),
(195, 'wreck', '', ''),
(196, 'zenith', '', ''),
(197, 'zodiac', '', ''),
(198, 'zoo', '', ''),
(199, 'zigzag', '', ''),
(200, 'duel', '', ''),
(201, 'concubinage', '', ''),
(202, 'singsong', '', ''),
(203, 'error', '', ''),
(204, 'flame', '', ''),
(205, 'force', '', ''),
(206, 'n/a', '', ''),
(207, 'establishment', '', ''),
(208, 'absolute', '', ''),
(209, 'abuse', '', ''),
(210, 'idol', '', ''),
(211, 'n/a', '', ''),
(212, 'individual', '', ''),
(213, 'defect', '', ''),
(214, 'passion', '', ''),
(215, 'space', '', ''),
(216, 'poverty', '', ''),
(217, 'dame', '', ''),
(218, 'Spain', '', ''),
(219, 'orangutan', '', ''),
(220, 'Sweden', '', ''),
(221, 'fill', '', ''),
(222, 'n/a', '', ''),
(223, 'abseil', '', ''),
(224, 'halt', '', ''),
(225, 'vote', '', ''),
(226, 'strangle', '', ''),
(227, 'piss', '', ''),
(228, 'damage', '', ''),
(229, 'mock', '', ''),
(230, 'present', '', ''),
(231, 'respect', '', ''),
(232, 'strike', '', ''),
(233, 'visit', '', ''),
(234, 'repair', '', ''),
(235, 'continue', '', ''),
(236, 'force', '', ''),
(237, 'surf ', '', ''),
(238, 'approach', '', ''),
(239, 'abuse', '', ''),
(240, 'anxiety', '', ''),
(241, 'ash', '', ''),
(242, 'forest', '', ''),
(243, 'free', '', ''),
(244, 'frost', '', ''),
(245, 'glass', '', ''),
(246, 'grade', '', ''),
(247, 'grass', '', ''),
(248, 'gray', '', ''),
(249, 'grin', '', ''),
(250, 'jacket', '', ''),
(251, 'year', '', ''),
(252, 'job', '', ''),
(253, 'young', '', ''),
(254, 'crow', '', ''),
(255, 'long', '', ''),
(256, 'lick', '', ''),
(257, 'mane', '', ''),
(258, 'moon', '', ''),
(259, 'muscle', '', ''),
(260, 'sign', '', ''),
(261, 'tank', '', ''),
(262, 'noodle', '', ''),
(263, 'uncle', '', ''),
(264, 'quality', '', ''),
(265, 'raven', '', ''),
(266, 'rest', '', ''),
(267, 'rat', '', ''),
(268, 'room (place)', '', ''),
(269, 'right', '', ''),
(270, 'swim', '', ''),
(271, 'seal', '', ''),
(272, 'team', '', ''),
(273, 'affront', '', ''),
(274, 'accent', '', ''),
(275, 'active', '', ''),
(276, 'alpha', '', ''),
(277, 'alcohol', '', ''),
(278, 'american', '', ''),
(279, 'n/a', '', ''),
(280, 'anatomy', '', ''),
(281, 'anecdote', '', ''),
(282, 'english', '', ''),
(283, 'n/a ', '', ''),
(284, 'archive(s)', '', ''),
(285, 'army', '', ''),
(286, 'asthma', '', ''),
(287, 'auto', '', ''),
(288, 'autobiography', '', ''),
(289, 'ballast', '', ''),
(290, 'bamboo', '', ''),
(291, 'band', '', ''),
(292, 'bank', '', ''),
(293, 'base', '', ''),
(294, 'beige', '', ''),
(295, 'bible', '', ''),
(296, 'biceps', '', ''),
(297, 'bureau (office)', '', ''),
(298, 'bluff', '', ''),
(299, 'bomb', '', ''),
(300, 'brochure', '', ''),
(301, 'brothel', '', ''),
(302, 'n/a', '', ''),
(303, 'certificate', '', ''),
(304, 'n/a (rein)', '', ''),
(305, 'sugar', '', ''),
(306, 'zucchini', '', ''),
(307, 'n/a (digit)', '', ''),
(308, 'cigar', '', ''),
(309, 'zinc', '', ''),
(311, 'circus', '', ''),
(312, 'n/a', '', ''),
(313, 'delinquent', '', ''),
(314, 'detonation', '', ''),
(315, 'devil', '', ''),
(316, 'doctor', '', ''),
(317, 'dilemma', '', ''),
(319, 'distance', '', ''),
(320, 'jam', '', ''),
(321, 'effect', '', ''),
(322, 'exam', '', ''),
(323, 'exist', '', ''),
(324, 'n/a (team or crew)', '', ''),
(325, 'n/a', '', ''),
(326, 'excitement / excitation', '', ''),
(327, 'explosion', '', ''),
(328, 'emanate', '', ''),
(329, 'emotion', '', ''),
(330, 'episode', '', ''),
(331, 'aesthetics (estheticks)', '', ''),
(332, 'Europe', '', ''),
(333, 'n/a (factory)', '', ''),
(334, 'family', '', ''),
(335, 'fan', '', ''),
(336, 'phantom', '', ''),
(337, 'n/a', '', ''),
(338, 'facade', '', ''),
(339, 'fax', '', ''),
(340, 'phase', '', ''),
(341, 'failure', '', ''),
(342, 'n/a', '', ''),
(343, 'fiction', '', ''),
(344, 'film', '', ''),
(345, 'form', '', ''),
(346, 'n/a', '', ''),
(347, 'n/a', '', ''),
(348, 'photo', '', ''),
(349, 'photographer', '', ''),
(350, 'photograph', '', ''),
(351, 'fruit', '', ''),
(352, 'gaffe', '', ''),
(353, 'gallop', '', ''),
(354, 'gang', '', ''),
(355, 'gauze', '', ''),
(356, 'gazette (newspaper)', '', ''),
(357, 'geyser', '', ''),
(358, 'generation', '', ''),
(359, 'guitar ', '', ''),
(360, 'grammar', '', ''),
(361, 'congratulations', '', ''),
(362, 'n/a', '', ''),
(363, 'n/a (cave or cavern)', '', ''),
(364, 'group', '', ''),
(365, 'n/a (flu)', '', ''),
(366, 'hook', '', ''),
(367, 'hammock', '', ''),
(368, 'hair', '', ''),
(369, 'hyena', '', ''),
(370, 'hypnosis', '', ''),
(371, 'idea', '', ''),
(372, 'idealist', '', ''),
(373, 'idiot', '', ''),
(374, 'illusion', '', ''),
(375, 'imagination', '', ''),
(376, 'imbecile', '', ''),
(377, 'incident', '', ''),
(378, 'infection', '', ''),
(379, 'information', '', ''),
(380, 'instinctive', '', ''),
(381, 'invest', '', ''),
(382, 'jeep', '', ''),
(383, 'Jesus', '', ''),
(384, 'yoghurt', '', ''),
(385, 'jeweler', '', ''),
(386, 'cable', '', ''),
(387, 'cabinet (politics)', '', ''),
(388, 'calendar', '', ''),
(389, 'chameleon', '', ''),
(390, 'channel', '', ''),
(391, 'n/a', '', ''),
(392, 'canyon', '', ''),
(393, 'carnival', '', ''),
(394, 'n/a', '', ''),
(395, 'camping', '', ''),
(396, 'kiosk', '', ''),
(397, 'clown', '', ''),
(398, 'clique', '', ''),
(399, 'climate', '', ''),
(400, 'n/a', '', ''),
(401, 'club', '', ''),
(402, 'cat', '', ''),
(403, 'n/a', '', ''),
(404, 'colloquial', '', ''),
(405, 'comic', '', ''),
(406, 'compliment', '', ''),
(407, 'computer', '', ''),
(408, 'concentration', '', ''),
(409, 'concept', '', ''),
(410, 'connoiseur', '', ''),
(411, 'n/a', '', ''),
(412, 'consequence', '', ''),
(413, 'contraband', '', ''),
(414, 'continent', '', ''),
(415, 'cooperate', '', ''),
(416, 'n/a', '', ''),
(417, 'cream', '', ''),
(418, 'crocodile', '', ''),
(419, 'criminal', '', ''),
(420, 'culture', '', ''),
(421, 'n/a', '', ''),
(422, 'n/a', '', ''),
(423, 'lexicon', '', ''),
(424, 'lion', '', ''),
(425, 'league', '', ''),
(426, 'letter', '', ''),
(427, 'n/a', '', ''),
(428, 'n/a', '', ''),
(429, 'maniac', '', ''),
(430, 'marmalade', '', ''),
(431, 'match', '', ''),
(432, 'metal', '', ''),
(433, 'n/a subway', '', ''),
(434, 'n/a', '', ''),
(435, 'mine', '', ''),
(436, 'minute', '', ''),
(437, 'n/a', '', ''),
(438, 'motorbike', '', ''),
(439, 'n/a', '', ''),
(440, 'museum', '', ''),
(441, 'muslim', '', ''),
(442, 'musik', '', ''),
(443, 'animal', '', ''),
(444, 'eel', '', ''),
(445, 'adventure', '', ''),
(446, 'adjective', '', ''),
(447, 'arm', '', ''),
(448, 'ball', '', ''),
(449, 'bond', '', ''),
(450, 'bank', '', ''),
(451, 'bear', '', ''),
(452, 'bed', '', ''),
(453, 'beer', '', ''),
(454, 'blue', '', ''),
(455, 'book', '', ''),
(456, 'bull', '', ''),
(457, 'bus', '', ''),
(458, 'butter', '', ''),
(459, 'camp', '', ''),
(460, 'dinner', '', ''),
(461, 'direct', '', ''),
(462, 'ditto', '', ''),
(463, 'earnest', '', ''),
(464, 'feather', '', ''),
(465, 'fiend', '', ''),
(466, 'fire', '', ''),
(467, 'fish', '', ''),
(468, 'friend', '', ''),
(469, 'gold', '', ''),
(470, 'honey', '', ''),
(471, 'industry', '', ''),
(472, 'jewel', '', ''),
(473, 'month', '', ''),
(474, 'attitude', '', ''),
(475, 'n/a', '', ''),
(476, 'case', '', ''),
(477, 'cause', '', ''),
(478, 'cinder', '', ''),
(479, 'n/a', '', ''),
(480, 'dictionary', '', ''),
(481, 'effort', '', ''),
(482, 'ennui', '', ''),
(483, 'stranger', '', ''),
(484, 'n/a', '', ''),
(485, 'married', '', ''),
(486, 'mirror', '', ''),
(487, 'n/a', '', ''),
(488, 'n/a', '', ''),
(489, 'plume (feather)', '', ''),
(490, 'savant', '', ''),
(491, 'surprise', '', ''),
(492, 'tempest', '', ''),
(493, 'timid', '', ''),
(494, 'n/a', '', ''),
(495, 'n/a', '', ''),
(496, 'desire', '', ''),
(497, 'difference', '', ''),
(498, 'desire', '', ''),
(499, 'poor', '', ''),
(500, 'question', '', ''),
(501, 'n/a (peace)', '', ''),
(502, 'victory', '', ''),
(503, 'confused', '', ''),
(504, 'nippel', '', ''),
(505, 'ripe', '', ''),
(506, 'ring', '', ''),
(507, 'roll', '', ''),
(508, 'sand', '', ''),
(509, 'sea', '', ''),
(510, 'soul', '', ''),
(511, 'ski', '', ''),
(512, 'sculpture', '', ''),
(513, 'sock', '', ''),
(514, 'sole', '', ''),
(515, 'soldier', '', ''),
(516, 'Summer', '', ''),
(517, 'stare', '', ''),
(518, 'stone?', '', ''),
(519, 'star', '', ''),
(520, 'stink', '', ''),
(521, 'tobacco', '', ''),
(522, 'aunt', '', ''),
(523, 'tea', '', ''),
(524, 'verb', '', ''),
(525, 'ware', '', ''),
(526, 'warm', '', ''),
(527, 'warn', '', ''),
(528, 'weight', '', ''),
(529, 'wind', '', ''),
(530, 'zone', '', ''),
(531, 'gay', '', ''),
(532, 'jealous', '', ''),
(533, 'service', '', ''),
(534, 'semen', '', ''),
(535, 'naive', '', ''),
(536, 'nature', '', ''),
(537, 'niche', '', ''),
(538, 'n/a (inn)', '', ''),
(539, 'ocean', '', ''),
(540, 'offer', '', ''),
(541, 'n/a (victim)', '', ''),
(542, 'n/a', '', ''),
(543, 'olive', '', ''),
(544, 'option', '', ''),
(545, 'opera', '', ''),
(546, 'operation', '', ''),
(547, 'opium', '', ''),
(549, 'software', '', ''),
(550, 'optimism', '', ''),
(552, 'orchestra', '', ''),
(553, 'palace', '', ''),
(554, 'panic', '', ''),
(555, 'paper', '', ''),
(556, 'park', '', ''),
(557, 'parody', '', ''),
(558, 'paste', '', ''),
(559, 'n/a', '', ''),
(560, 'patron', '', ''),
(561, 'pause', '', ''),
(562, 'paean ', '', ''),
(563, 'n/a', '', ''),
(564, 'per', '', ''),
(565, 'pearl', '', ''),
(566, 'n/a ', '', ''),
(567, 'n/a', '', ''),
(568, 'picnic', '', ''),
(569, 'penguin', '', ''),
(570, 'n/a', '', ''),
(571, 'pizza', '', ''),
(572, 'plankton', '', ''),
(573, 'n/a', '', ''),
(574, 'police', '', ''),
(575, 'politician', '', ''),
(576, 'population', '', ''),
(577, 'popular', '', ''),
(578, 'pore', '', ''),
(579, 'practice', '', ''),
(580, 'prefer', '', ''),
(581, 'program', '', ''),
(582, 'project', '', ''),
(583, 'prototype', '', ''),
(584, 'point', '', ''),
(585, 'radio', '', ''),
(586, 'racket / raquet', '', ''),
(587, 'race', '', ''),
(588, 'react', '', ''),
(589, 'realistic', '', ''),
(590, 'receipt?', '', ''),
(591, 'reform', '', ''),
(592, 'n/a', '', ''),
(593, 'regeneration', '', ''),
(594, 'region', '', ''),
(595, 'n/a (rule)', '', ''),
(596, 'n/a (reclamation - archaic)', '', ''),
(597, 'record', '', ''),
(598, 'recruit', '', ''),
(599, 'n/a', '', ''),
(600, 'republic', '', ''),
(601, 'reserve', '', ''),
(602, 'result', '', ''),
(603, 'rock', '', ''),
(604, 'raisin', '', ''),
(605, 'rose', '', ''),
(607, 'rhythm', '', ''),
(608, 'ritual', '', ''),
(609, 'risk', '', ''),
(610, 'risk', '', ''),
(611, 'rice', '', ''),
(613, 'n/a (somersault)', '', ''),
(614, 'salad', '', ''),
(615, 'n/a', '', ''),
(616, 'sauna', '', ''),
(617, 'scene', '', ''),
(618, 'second', '', ''),
(619, 'semester', '', ''),
(620, 'sense', '', ''),
(621, 'secretary', '', ''),
(622, 'n/a', '', ''),
(623, 'sexy', '', ''),
(624, 'scan', '', ''),
(625, 'sketch', '', ''),
(626, 'sun', '', ''),
(627, 'social', '', ''),
(628, 'sofa', '', ''),
(629, 'salt', '', ''),
(630, 'n/a', '', ''),
(631, 'sperm', '', ''),
(632, 'splendor', '', ''),
(633, 'sponsor', '', ''),
(634, 'sporadic', '', ''),
(635, 'hardware', '', ''),
(636, 'stadium', '', ''),
(637, 'steel', '', ''),
(638, 'status', '', ''),
(639, 'statistic', '', ''),
(640, 'stemple', '', ''),
(641, 'student', '', ''),
(642, 'sum', '', ''),
(643, 'syllable', '', ''),
(644, 'symbol', '', ''),
(645, 'situation', '', ''),
(646, 'n/a', '', ''),
(647, 'chief', '', ''),
(648, 'n/a', '', ''),
(649, 'n/a (hit)', '', ''),
(650, 'n/a', '', ''),
(651, 'n/a', '', ''),
(652, 'n/a', '', ''),
(653, 'n/a', '', ''),
(654, 'n/a', '', ''),
(655, 'cipher (AE) / cypher (BE)', '', ''),
(656, 'shield', '', ''),
(657, 'talent', '', ''),
(658, 'dance', '', ''),
(659, 'text', '', ''),
(660, 'tennis', '', ''),
(661, 'theory', '', ''),
(662, 'toilet', '', ''),
(663, 'tone', '', ''),
(664, 'ton', '', ''),
(665, 'torture', '', ''),
(666, 'tragic', '', ''),
(667, 'triumph', '', ''),
(668, 'tropical', '', ''),
(669, 'type', '', ''),
(670, 'urn', '', ''),
(671, 'n/a (scales)', '', ''),
(672, 'vampire', '', ''),
(673, 'n/a', '', ''),
(674, 'verdict', '', ''),
(675, 'visit', '', ''),
(676, 'zero', '', ''),
(677, 'zombie', '', ''),
(678, 'zoom', '', ''),
(679, 'shocked', '', ''),
(680, 'soup', '', ''),
(681, 'murmur', '', ''),
(682, 'bush', '', ''),
(683, 'end', '', ''),
(684, 'flood', '', ''),
(685, 'here', '', ''),
(686, 'hoof', '', ''),
(687, 'insolent ', '', ''),
(688, 'instinct', '', ''),
(689, 'clear', '', ''),
(690, 'kiss', '', ''),
(691, 'lean ', '', ''),
(692, 'lip', '', ''),
(693, 'list', '', ''),
(694, 'mane', '', ''),
(695, 'n/a ', '', ''),
(696, 'mask', '', ''),
(697, 'mascot', '', ''),
(698, 'comprehend', '', ''),
(699, 'cadaver', '', ''),
(700, 'accident', '', ''),
(701, 'value', '', ''),
(702, 'nest', '', ''),
(703, 'null', '', ''),
(704, 'number', '', ''),
(705, 'orange', '', ''),
(706, 'east', '', ''),
(707, 'plan', '', ''),
(708, 'post office', '', ''),
(709, 'pulp', '', ''),
(710, 'quasi', '', ''),
(711, 'rush??', '', ''),
(712, 'religion', '', ''),
(713, 'roast', '', ''),
(714, 'rucksack', '', ''),
(715, 'round', '', ''),
(716, 'saddle', '', ''),
(717, 'shadow', '', ''),
(718, 'shriek', '', ''),
(719, 'shrine', '', ''),
(720, 'swan', '', ''),
(721, 'side', '', ''),
(722, 'shampoo', '', ''),
(723, 'shoe', '', ''),
(724, 'sight', '', ''),
(725, 'tomato', '', ''),
(726, 'vulgar', '', ''),
(728, 'declare', '', ''),
(729, 'abridged', '', ''),
(730, 'age', '', ''),
(731, 'aid', '', ''),
(732, 'eagle', '', ''),
(733, 'ambiguous', '', ''),
(734, 'announce', '', ''),
(735, 'attention', '', ''),
(736, 'attraction', '', ''),
(737, 'border', '', ''),
(738, 'boulevard', '', ''),
(739, 'calm', '', ''),
(740, 'capable', '', ''),
(741, 'circle', '', ''),
(742, 'certainly', '', ''),
(743, 'chain ', '', ''),
(744, 'completely', '', ''),
(745, 'consider', '', ''),
(746, 'crab', '', ''),
(747, 'crime', '', ''),
(748, 'dangerous', '', ''),
(749, 'discover', '', ''),
(750, 'destiny', '', ''),
(751, 'detail', '', ''),
(752, 'disappear', '', ''),
(753, 'disappeared (missing)', '', ''),
(754, 'element', '', ''),
(755, 'inhabitant', '', ''),
(756, 'honest', '', ''),
(757, 'honor', '', ''),
(758, 'ignorant', '', ''),
(759, 'important', '', ''),
(760, 'innocence', '', ''),
(761, 'innocent', '', ''),
(762, 'interest', '', ''),
(763, 'invention', '', ''),
(764, 'invincible', '', ''),
(765, 'joy', '', ''),
(766, 'just', '', ''),
(767, 'lesson', '', ''),
(768, 'long', '', ''),
(769, 'lucid (clear)', '', ''),
(770, 'madam', '', ''),
(771, 'magic', '', ''),
(772, 'magnificent', '', ''),
(773, 'mercy', '', ''),
(774, 'mission', '', ''),
(775, 'nervous', '', ''),
(776, 'occupy', '', ''),
(777, 'overt (open easy to see)', '', ''),
(778, 'particularly', '', ''),
(779, 'painter', '', ''),
(780, 'peril', '', ''),
(781, 'permanent', '', ''),
(782, 'pity', '', ''),
(783, 'potion', '', ''),
(784, 'powder', '', ''),
(785, 'proof', '', ''),
(786, 'probably', '', ''),
(787, 'profit', '', ''),
(788, 'progress', '', ''),
(789, 'promise', '', ''),
(790, 'provocation', '', ''),
(791, 'reaction', '', ''),
(792, 'receive', '', ''),
(793, 'reduce', '', ''),
(794, 'refuse ', '', ''),
(795, 'repair', '', ''),
(796, 'repeat', '', ''),
(797, 'salary', '', ''),
(798, 'save', '', ''),
(799, 'simple', '', ''),
(800, 'simply ', '', ''),
(801, 'subject', '', ''),
(802, 'suspect', '', ''),
(803, 'temple ', '', ''),
(804, 'valley', '', ''),
(805, 'village', '', ''),
(806, 'visa', '', ''),
(807, 'visible', '', ''),
(808, 'arrive', '', ''),
(809, 'candidate', '', ''),
(810, 'carnage', '', ''),
(811, 'chance', '', ''),
(812, 'condemned', '', ''),
(813, 'courage', '', ''),
(814, 'danger', '', ''),
(815, 'education ', '', ''),
(816, 'guard', '', ''),
(817, 'horde', '', ''),
(818, 'insist', '', ''),
(819, 'lamentation', '', ''),
(820, 'lamp', '', ''),
(821, 'panorama ', '', ''),
(822, 'permit', '', ''),
(823, 'precaution', '', ''),
(824, 'prepare', '', ''),
(825, 'professional', '', ''),
(826, 'protection', '', ''),
(827, 'psychology', '', ''),
(828, 'sage', '', ''),
(829, 'secure', '', ''),
(830, 'tent', '', ''),
(832, 'n/a (complexion)', '', ''),
(833, 'hooligan', '', ''),
(834, 'abdominal', '', ''),
(835, 'abduction', '', ''),
(836, 'abundant', '', ''),
(837, 'abbreviation', '', ''),
(838, 'absolutely', '', ''),
(840, 'chimney', '', ''),
(841, 'ire', '', ''),
(842, 'n/a', '', ''),
(843, 'regret', '', ''),
(844, 'mortal', '', ''),
(845, 'altitude', '', ''),
(846, 'saliva', '', ''),
(847, 'complot', '', ''),
(848, 'pen', '', ''),
(849, 'essential', '', ''),
(850, 'n/a (reunion)', '', ''),
(851, 'allergy', '', ''),
(852, 'language', '', ''),
(853, 'n/a (tongue)', '', ''),
(854, 'maltreatment', '', ''),
(855, 'pogrom', '', ''),
(856, 'n/a', '', ''),
(858, 'n/a', '', ''),
(859, 'description', '', ''),
(861, 'vain', '', ''),
(862, 'serious', '', ''),
(863, 'describe', '', ''),
(864, 'facile (not common)', '', ''),
(865, 'n/a', '', ''),
(866, 'urgent', '', ''),
(867, 'example', '', ''),
(868, 'n/a', '', ''),
(869, 'impulse', '', ''),
(870, 'subtle', '', ''),
(871, 'favour', '', ''),
(872, 'permission', '', ''),
(873, 'battery', '', ''),
(874, 'wolf', '', ''),
(875, 'workshop', '', ''),
(877, 'coalition', '', ''),
(878, 'commence', '', ''),
(879, 'dilemma', '', ''),
(880, 'boycott', '', ''),
(881, 'boycott', '', ''),
(882, 'narcosis', '', ''),
(884, 'n/a (shark)', '', ''),
(886, 'crisis', '', ''),
(888, 'gaffe', '', ''),
(891, 'n/a (country)', '', ''),
(892, 'treat', '', ''),
(893, 'athlete', '', ''),
(895, 'sense', '', ''),
(897, 'expansion', '', ''),
(898, 'local', '', ''),
(899, 'island', '', ''),
(900, 'n/a (track or slope?)', '', ''),
(903, 'formality', '', ''),
(905, 'philosophy', '', ''),
(906, 'n/a', '', ''),
(907, 'n/a', '', ''),
(909, 'pupil', '', ''),
(910, 'crown', '', ''),
(911, 'palette', '', ''),
(912, 'bottle', '', ''),
(913, 'stomache', '', ''),
(914, 'sponge', '', ''),
(915, 'n/a (dome)', '', ''),
(916, 'n/a (suregon)', '', ''),
(917, 'iris', '', ''),
(919, 'claw', '', ''),
(920, 'hard', '', ''),
(921, 'bowl', '', ''),
(922, 'pin / tack', '', ''),
(923, 'television', '', ''),
(924, 'palm tree', '', ''),
(925, 'cube', '', ''),
(926, 'bonnet (headgear)', '', ''),
(927, 'pulse', '', ''),
(928, 'banana', '', ''),
(929, 'pyjamas / pijamas', '', ''),
(930, 'queue', '', ''),
(931, 'scorpion', '', ''),
(932, 'archer', '', ''),
(933, 'n/a', '', ''),
(934, 'n/a (drop)', '', ''),
(935, 'thermos (vacuum flask)', '', ''),
(936, 'note', '', ''),
(937, 'dune', '', ''),
(938, 'balcony', '', ''),
(939, 'mat', '', ''),
(940, 'deity', '', ''),
(941, 'Germany', '', ''),
(942, 'Poland', '', ''),
(943, 'France', '', ''),
(944, 'n/a', '', ''),
(945, 'lampshade', '', ''),
(946, 'ballpen', '', ''),
(947, 'n/a', '', ''),
(948, 'n/a', '', ''),
(949, 'n/a', '', ''),
(950, 'prince', '', ''),
(951, 'crow''s feet', '', ''),
(953, 'saga', '', ''),
(954, 'n/a', '', ''),
(955, 'gang', '', ''),
(960, 'water', '', ''),
(961, 'address', '', ''),
(962, 'mouse', '', ''),
(963, 'keyboard', '', ''),
(964, 'combine', '', ''),
(965, 'clique', '', ''),
(966, 'spaghetti', '', ''),
(967, 'hamburger', '', ''),
(968, 'parasol', '', ''),
(990, 'e-mail', '', ''),
(992, 'n/a', '', ''),
(994, 'begin', '', ''),
(995, 'drink', '', ''),
(997, 'book', '', ''),
(998, 'n/a', '', ''),
(999, 'train', '', ''),
(1001, 'workshop', '', ''),
(1002, 'press', '', ''),
(1003, 'plan', '', ''),
(1004, 'phonetics', '', ''),
(1005, 'catalogue', '', ''),
(1006, 'product', '', ''),
(1200, 'network', '', ''),
(1201, 'coffee', '', ''),
(1226, 'asdf', '', '');

-- --------------------------------------------------------

--
-- Struktura tabeli dla tabeli `french`
--

CREATE TABLE `french` (
  `Id` int(11) NOT NULL,
  `Text` text NOT NULL,
  `Details` text CHARACTER SET latin1 NOT NULL,
  `Usage` text CHARACTER SET latin1 NOT NULL
) ENGINE=InnoDB DEFAULT CHARSET=utf8;

--
-- Zrzut danych tabeli `french`
--

INSERT INTO `french` (`Id`, `Text`, `Details`, `Usage`) VALUES
(1, 'absolu or absolue', '', ''),
(2, 'banal / banale', '', ''),
(3, 'brutal', '', ''),
(4, 'débile', '', ''),
(6, 'élégant or élégante', '', ''),
(7, 'n/a (bonne)', '', ''),
(8, 'n/a', '', ''),
(9, 'intelligent', '', ''),
(11, 'bizarre', '', ''),
(12, 'difficile', '', ''),
(14, 'n/a (loin)', '', ''),
(15, 'frais or fraiche', '', ''),
(16, 'moderne', '', ''),
(17, 'bref/brève', '', ''),
(18, 'rapide', '', ''),
(19, 'riche', '', ''),
(20, 'humain / humaine', '', ''),
(21, 'normal', '', ''),
(22, 'compliqué', '', ''),
(25, 'volontaire', '', ''),
(26, 'agressif', '', ''),
(27, 'amusant', '', ''),
(28, 'direct', '', ''),
(29, 'exceptionnel', '', ''),
(30, 'poli', '', ''),
(31, 'ridicule', '', ''),
(32, 'absurde', '', ''),
(34, 'abrupt', '', ''),
(35, 'absent', '', ''),
(36, 'absolu ', '', ''),
(37, 'absorbant', '', ''),
(38, 'strict or stricte', '', ''),
(39, 'humble', '', ''),
(40, 'horrible', '', ''),
(41, 'positif or positive', '', ''),
(44, 'généreux or généreuse ', '', ''),
(47, 'fort or forte', '', ''),
(51, 'possible', '', ''),
(52, 'different', '', ''),
(57, 'grave', '', ''),
(58, 'actuellement', '', ''),
(59, 'brutalement', '', ''),
(60, 'définitif or définitive ', '', ''),
(61, 'exactement', '', ''),
(62, 'ponctuellement ', '', ''),
(64, 'directement', '', ''),
(65, 'alias', '', ''),
(66, 'étiquette la', '', ''),
(67, 'n/a (grenouille)', '', ''),
(68, 'n/a (renard)', '', ''),
(69, 'n/a (pied)', '', ''),
(70, 'n/a (dieu)', '', ''),
(71, 'abstraction la', '', ''),
(72, 'abstinence la', '', ''),
(73, 'abstinent le', '', ''),
(75, 'applaudissement le', '', ''),
(76, 'n/a ', '', ''),
(77, 'aspirine la', '', ''),
(78, 'attaque la', '', ''),
(79, 'base', '', ''),
(80, 'bibliothèque la', '', ''),
(82, 'caractère ', '', ''),
(84, 'décision la', '', ''),
(85, 'dauphin', '', ''),
(86, 'démon le', '', ''),
(88, 'diamant le', '', ''),
(90, 'droguerie ', '', ''),
(91, 'n/a (passoire)', '', ''),
(92, 'étiquette la', '', ''),
(93, 'fiasco le', '', ''),
(94, 'flottille la', '', ''),
(96, 'frustration la', '', ''),
(97, 'n/a', '', ''),
(98, 'fonction (MATH)', '', ''),
(99, 'football', '', ''),
(100, 'galerie', '', ''),
(101, 'gage', '', ''),
(102, 'geste le', '', ''),
(104, 'hôtel le', '', ''),
(105, 'intrigue la ', '', ''),
(106, 'candidature le', '', ''),
(109, 'code le', '', ''),
(111, 'coleur la', '', ''),
(115, 'costume', '', ''),
(117, 'cravate', '', ''),
(118, 'créature la', '', ''),
(122, 'légende la', '', ''),
(124, 'n/a ', '', ''),
(125, 'meuble le', '', ''),
(128, 'angoisse ', '', ''),
(129, 'n/a (pomme)', '', ''),
(130, 'abricot', '', ''),
(131, 'équivalent', '', ''),
(132, 'dragon', '', ''),
(133, 'iceberg le', '', ''),
(134, 'éléphant', '', ''),
(135, 'ange le', '', ''),
(136, 'excursion', '', ''),
(138, 'n/a', '', ''),
(139, 'n/a', '', ''),
(140, 'n/a (lait)', '', ''),
(142, 'déluge le', '', ''),
(143, 'fleur la', '', ''),
(144, 'luna la', '', ''),
(145, 'main la', '', ''),
(146, 'ordinateur le', '', ''),
(147, 'patience la', '', ''),
(148, 'pharmacie', '', ''),
(149, 'pied le ', '', ''),
(150, 'poison', '', ''),
(151, 'neveu le', '', ''),
(155, 'cigarette la', '', ''),
(156, 'exception', '', ''),
(157, 'n/a (nuit)', '', ''),
(159, 'nez le', '', ''),
(160, 'objet le', '', ''),
(162, 'ovation', '', ''),
(163, 'parlement le', '', ''),
(164, 'n/a ', '', ''),
(166, 'personnel le', '', ''),
(167, 'planète la', '', ''),
(169, 'roman le', '', ''),
(170, 'position la', '', ''),
(173, 'rubis le', '', ''),
(174, 'secret le', '', ''),
(175, 'saison la', '', ''),
(176, 'station la', '', ''),
(182, 'n/a', '', ''),
(183, 'n/a', '', ''),
(185, 'team le (équipe)', '', ''),
(186, 'tragédie la', '', ''),
(187, 'tunnel le', '', ''),
(189, 'ouverture la', '', ''),
(190, 'valise la', '', ''),
(192, 'n/a', '', ''),
(193, 'vin', '', ''),
(195, 'n/a', '', ''),
(196, 'zénith ', '', ''),
(197, 'zodiaque', '', ''),
(198, 'zoo', '', ''),
(199, 'zigzag', '', ''),
(201, 'concubinage le', '', ''),
(203, 'erreur la', '', ''),
(204, 'flamme', '', ''),
(205, 'force', '', ''),
(206, 'ours', '', ''),
(208, 'absolu le', '', ''),
(209, 'abus le', '', ''),
(210, 'idole la', '', ''),
(211, 'niveau le', '', ''),
(213, 'défaut la ?', '', ''),
(214, 'passion la', '', ''),
(215, 'espace le', '', ''),
(216, 'pauvreté la', '', ''),
(218, 'Espagne la', '', ''),
(219, 'orang-outan(g)', '', ''),
(220, 'Suède la', '', ''),
(221, 'n/a', '', ''),
(224, 'n/a', '', ''),
(225, 'voter', '', ''),
(226, 'étrangler', '', ''),
(228, 'endomager', '', ''),
(229, 'moquer', '', ''),
(233, 'visiter', '', ''),
(235, 'continuer', '', ''),
(236, 'forcer', '', ''),
(237, 'surfer', '', ''),
(239, 'abuser', '', ''),
(240, 'anxiété', '', ''),
(242, 'forêt', '', ''),
(244, 'n/a', '', ''),
(247, 'n/a (herbe)', '', ''),
(248, 'gris', '', ''),
(249, 'n/a', '', ''),
(253, 'jeune', '', ''),
(254, 'n/a', '', ''),
(255, 'long or longue', '', ''),
(258, 'n/a', '', ''),
(259, 'muscle', '', ''),
(260, 'signe', '', ''),
(261, 'tank', '', ''),
(263, 'oncle', '', ''),
(265, 'n/a (corbeau)', '', ''),
(273, 'affront', '', ''),
(274, 'accent', '', ''),
(275, 'actif / active', '', ''),
(276, 'alpha le', '', ''),
(277, 'alcool', '', ''),
(278, 'américain(e)', '', ''),
(279, 'amour', '', ''),
(280, 'anatomie ', '', ''),
(282, 'anglais', '', ''),
(283, 'enquête la', '', ''),
(286, 'asthme le', '', ''),
(287, 'la auto (la voiture)', '', ''),
(288, 'autobiographie la', '', ''),
(289, 'ballast', '', ''),
(291, 'bande', '', ''),
(292, 'banque', '', ''),
(293, 'base', '', ''),
(294, 'beige', '', ''),
(295, 'bible la', '', ''),
(297, 'bureau', '', ''),
(298, 'bluff le', '', ''),
(299, 'bombe', '', ''),
(301, 'bordel le', '', ''),
(302, 'n/a', '', ''),
(304, 'n/a (rêne)', '', ''),
(305, 'sucre', '', ''),
(311, 'cirque', '', ''),
(312, 'citron le', '', ''),
(315, 'diable', '', ''),
(316, 'docteur le', '', ''),
(319, 'distance la', '', ''),
(321, 'effet le', '', ''),
(322, 'examen le', '', ''),
(323, 'exister', '', ''),
(324, 'équipe ', '', ''),
(325, 'écran', '', ''),
(326, 'excitation la', '', ''),
(328, 'émaner', '', ''),
(329, 'émotion la', '', ''),
(330, 'épisode le', '', ''),
(332, 'Europe la', '', ''),
(333, 'fabrique la / usine la', '', ''),
(334, 'famille la', '', ''),
(336, 'fantôme le', '', ''),
(338, 'façade', '', ''),
(340, 'phase la', '', ''),
(343, 'fiction la', '', ''),
(344, 'film le', '', ''),
(346, 'fossé', '', ''),
(347, 'fauteuil le', '', ''),
(348, 'photo', '', ''),
(349, 'photographe le', '', ''),
(350, 'photographie la', '', ''),
(351, 'fruit', '', ''),
(354, 'gang le', '', ''),
(358, 'génération', '', ''),
(360, 'grammaire la', '', ''),
(363, 'grotte la', '', ''),
(365, 'grippe la', '', ''),
(366, 'n/a', '', ''),
(367, 'hamac', '', ''),
(368, 'n/a', '', ''),
(369, 'hyène', '', ''),
(370, 'hypnose', '', ''),
(373, 'idiot / idiote', '', ''),
(374, 'illusion la', '', ''),
(377, 'incident le', '', ''),
(381, 'investir', '', ''),
(383, 'Jésus', '', ''),
(385, 'n/a (bijoutier )', '', ''),
(386, 'câble ', '', ''),
(388, 'calendrier ', '', ''),
(391, 'canapé le', '', ''),
(393, 'carnaval le', '', ''),
(394, 'n/a', '', ''),
(395, 'camping', '', ''),
(396, 'kiosque', '', ''),
(397, 'clown le', '', ''),
(398, 'clique', '', ''),
(399, 'climat le', '', ''),
(401, 'club le ', '', ''),
(402, 'chat', '', ''),
(403, 'collation?', '', ''),
(405, 'n/a (BD - bande desine)', '', ''),
(407, 'n/a (ordinateur)', '', ''),
(408, 'concentration la', '', ''),
(410, 'connaisseur ', '', ''),
(411, 'concours le', '', ''),
(412, 'conséquence la', '', ''),
(416, 'cauchemar', '', ''),
(417, 'crème la', '', ''),
(418, 'crocodile le', '', ''),
(419, 'criminel le', '', ''),
(420, 'culture la', '', ''),
(421, 'n/a', '', ''),
(423, 'lexique', '', ''),
(424, 'lion', '', ''),
(425, 'ligue', '', ''),
(427, 'maquillage le', '', ''),
(429, 'maniaque le', '', ''),
(431, 'match le', '', ''),
(432, 'métal le', '', ''),
(433, 'métro le', '', ''),
(434, 'mois', '', ''),
(436, 'minute la', '', ''),
(437, 'miel', '', ''),
(438, 'moto', '', ''),
(439, 'mouche la', '', ''),
(440, 'musée', '', ''),
(441, 'musulman', '', ''),
(442, 'musique la', '', ''),
(445, 'aventure', '', ''),
(446, 'adjectif', '', ''),
(448, 'ballon', '', ''),
(449, 'bande', '', ''),
(450, 'banc', '', ''),
(451, 'n/a', '', ''),
(452, 'n/a lit le', '', ''),
(453, 'bière', '', ''),
(454, 'bleu', '', ''),
(455, 'n/a', '', ''),
(457, 'bus', '', ''),
(459, 'camping', '', ''),
(460, 'dîner le', '', ''),
(461, 'direct or directe', '', ''),
(464, 'n/a', '', ''),
(465, 'n/a', '', ''),
(466, 'feu', '', ''),
(467, 'n/a', '', ''),
(468, 'n/a (ami)', '', ''),
(469, 'n/a (or le)', '', ''),
(470, 'n/a', '', ''),
(471, 'industrie la', '', ''),
(472, 'n/a (bijou)', '', ''),
(473, 'n/a (mois)', '', ''),
(474, 'attitude la', '', ''),
(475, 'bienvenue', '', ''),
(476, 'cas', '', ''),
(477, 'cause', '', ''),
(478, 'cendre', '', ''),
(479, 'ciel', '', ''),
(480, 'dictionnaire', '', ''),
(481, 'effort le', '', ''),
(482, 'ennui', '', ''),
(483, 'étranger', '', ''),
(484, 'livre', '', ''),
(485, 'marié(e)', '', ''),
(486, 'miroir', '', ''),
(487, 'monde le', '', ''),
(488, 'mort', '', ''),
(489, 'plume', '', ''),
(490, 'savant', '', ''),
(491, 'surprise la (les surprises)', '', ''),
(492, 'tempête la', '', ''),
(493, 'timide', '', ''),
(494, 'torro', '', ''),
(495, 'vélo', '', ''),
(496, 'désir le', '', ''),
(497, 'différence la', '', ''),
(498, 'désirer', '', ''),
(499, 'pauvre', '', ''),
(501, 'paix', '', ''),
(502, 'victoire', '', ''),
(503, 'confus', '', ''),
(505, 'n/a', '', ''),
(513, 'n/a (chausette)', '', ''),
(515, 'soldat le', '', ''),
(516, 'n/a', '', ''),
(519, 'n/a', '', ''),
(522, 'tante la', '', ''),
(523, 'thé ', '', ''),
(528, 'n/a', '', ''),
(530, 'zone la', '', ''),
(531, 'gai', '', ''),
(532, 'jaloux', '', ''),
(533, 'service le', '', ''),
(536, 'nature la', '', ''),
(538, 'auberge', '', ''),
(540, 'offre la', '', ''),
(544, 'option la', '', ''),
(545, 'opéra le', '', ''),
(547, 'opium le', '', ''),
(553, 'palais le', '', ''),
(554, 'panique la', '', ''),
(555, 'papier le', '', ''),
(556, 'parc le', '', ''),
(557, 'parodie la', '', ''),
(558, 'pâte la', '', ''),
(561, 'pause', '', ''),
(563, 'paysage le', '', ''),
(564, 'par', '', ''),
(566, 'périphérie ', '', ''),
(567, 'pinceau', '', ''),
(570, 'pistolet le', '', ''),
(571, 'pizza la', '', ''),
(573, 'plage', '', ''),
(575, 'politicien', '', ''),
(576, 'population la', '', ''),
(577, 'populaire', '', ''),
(578, 'pore le', '', ''),
(580, 'préférer', '', ''),
(582, 'projet le', '', ''),
(583, 'prototype le', '', ''),
(585, 'radio', '', ''),
(588, 'réagir ', '', ''),
(592, 'n/a', '', ''),
(593, 'régénération ', '', ''),
(594, 'région la', '', ''),
(596, 'réclamation la', '', ''),
(597, 'record le', '', ''),
(598, 'recrue', '', ''),
(602, 'résultat le', '', ''),
(605, 'rose', '', ''),
(607, 'rythme le', '', ''),
(608, 'rituel', '', ''),
(611, 'riz le', '', ''),
(615, 'sachet ', '', ''),
(616, 'sauna le', '', ''),
(624, 'scanner', '', ''),
(625, 'sketch le', '', ''),
(626, 'soleil le', '', ''),
(627, 'social / sociale', '', ''),
(628, 'sofa le', '', ''),
(629, 'sel le', '', ''),
(631, 'sperme le', '', ''),
(639, 'statistique ', '', ''),
(641, 'Étudiant le', '', ''),
(642, 'somme / sum', '', ''),
(644, 'symbole le', '', ''),
(645, 'situation la', '', ''),
(646, 'chantage le', '', ''),
(647, 'chef', '', ''),
(648, 'n/a', '', ''),
(654, 'n/a', '', ''),
(655, 'chiffre le', '', ''),
(657, 'talent', '', ''),
(658, 'danser', '', ''),
(660, 'tennis le', '', ''),
(661, 'théorie la', '', ''),
(662, 'toilette', '', ''),
(666, 'tragique', '', ''),
(668, 'tropical', '', ''),
(669, 'type le', '', ''),
(671, 'n/a', '', ''),
(672, 'vampire le', '', ''),
(674, 'verdict', '', ''),
(676, 'zéro ', '', ''),
(680, 'soupe la', '', ''),
(683, 'n/a', '', ''),
(684, 'n/a', '', ''),
(685, 'n/a', '', ''),
(686, 'n/a', '', ''),
(687, 'insolent / insolente', '', ''),
(689, 'clair', '', ''),
(691, 'n/a', '', ''),
(695, 'manteau le', '', ''),
(699, 'cadavre le', '', ''),
(700, 'accident le', '', ''),
(701, 'valeur', '', ''),
(704, 'nombre', '', ''),
(705, 'orange la', '', ''),
(707, 'plan le (les plans)', '', ''),
(708, 'poste la', '', ''),
(709, 'pulpe', '', ''),
(712, 'religion la', '', ''),
(717, 'n/a', '', ''),
(725, 'tomate ', '', ''),
(728, 'déclarer ', '', ''),
(729, 'abrégé / abrégée', '', ''),
(730, 'âge le', '', ''),
(731, 'aider', '', ''),
(732, 'aigle', '', ''),
(733, 'ambigu', '', ''),
(734, 'annoncer ', '', ''),
(735, 'attention', '', ''),
(736, 'attraction la', '', ''),
(738, 'boulevard le', '', ''),
(739, 'calme', '', ''),
(740, 'capable', '', ''),
(741, 'cercle le', '', ''),
(742, 'certainement', '', ''),
(743, 'chaîne ', '', ''),
(744, 'complètement', '', ''),
(745, 'considérer', '', ''),
(746, 'crabe le', '', ''),
(747, 'crime ', '', ''),
(748, 'dangeroux', '', ''),
(749, 'découvrir', '', ''),
(750, 'destinée ', '', ''),
(751, 'détail ', '', ''),
(752, 'disparaître', '', ''),
(753, 'disparu', '', ''),
(754, 'élément le', '', ''),
(755, 'habitant le', '', ''),
(756, 'honnête', '', ''),
(757, 'honneur', '', ''),
(758, 'ignorant', '', ''),
(759, 'important', '', ''),
(760, 'innocence la', '', ''),
(761, 'innocent', '', ''),
(762, 'intérêt', '', ''),
(763, 'invention la', '', ''),
(764, 'invincible', '', ''),
(765, 'joie la', '', ''),
(766, 'juste', '', ''),
(767, 'leçon', '', ''),
(768, 'long', '', ''),
(769, 'lucide', '', ''),
(770, 'madame', '', ''),
(771, 'magique', '', ''),
(772, 'magnifique', '', ''),
(773, 'merci ', '', ''),
(774, 'mission', '', ''),
(775, 'nerveux', '', ''),
(776, 'occuper (ER verb)', '', ''),
(777, 'ouvert?', '', ''),
(778, 'particulièrement', '', ''),
(779, 'peintre', '', ''),
(780, 'péril ', '', ''),
(781, 'permanent', '', ''),
(782, 'pitié', '', ''),
(783, 'potion', '', ''),
(784, 'poudre', '', ''),
(785, 'preuve la', '', ''),
(786, 'probablement', '', ''),
(787, 'profit le', '', ''),
(788, 'progrès le', '', ''),
(789, 'promesse la', '', ''),
(790, 'provocation', '', ''),
(791, 'réaction', '', ''),
(792, 'recevoir ', '', ''),
(793, 'réduire', '', ''),
(794, 'refuser', '', ''),
(795, 'réparation la', '', ''),
(796, 'répéter', '', ''),
(797, 'salarial', '', ''),
(798, 'sauver', '', ''),
(799, 'simple', '', ''),
(800, 'simplement', '', ''),
(801, 'sujet', '', ''),
(802, 'suspect ', '', ''),
(803, 'temple le', '', ''),
(804, 'vallée la', '', ''),
(805, 'village', '', ''),
(806, 'visa le', '', ''),
(807, 'visible', '', ''),
(814, 'danger', '', ''),
(818, 'insister', '', ''),
(821, 'panorama le', '', ''),
(826, 'protection la', '', ''),
(828, 'sage', '', ''),
(832, 'carnation', '', ''),
(834, 'abdominal', '', ''),
(835, 'abduction', '', ''),
(836, 'abondant ', '', ''),
(837, 'abréviation la', '', ''),
(838, 'absolument', '', ''),
(841, 'ire la', '', ''),
(842, 'fraise la', '', ''),
(843, 'regretter', '', ''),
(844, 'mortel', '', ''),
(845, 'altitude la', '', ''),
(846, 'salive la', '', ''),
(847, 'complot le', '', ''),
(850, 'réunion la', '', ''),
(852, 'langage le', '', ''),
(853, 'langue la', '', ''),
(854, 'maltraitance la', '', ''),
(855, 'pogrom/pogrome', '', ''),
(856, 'entre', '', ''),
(858, 'chemin le', '', ''),
(862, 'sérieux or sérieuse', '', ''),
(864, 'facile', '', ''),
(865, 'inutile', '', ''),
(866, 'urgent or urgente', '', ''),
(867, 'exemple', '', ''),
(868, 'triste', '', ''),
(869, 'impulsion la', '', ''),
(877, 'coalition la', '', ''),
(878, 'commencer', '', ''),
(879, 'dileme', '', ''),
(880, 'boycott le', '', ''),
(881, 'boycotter', '', ''),
(883, 'champignon', '', ''),
(884, 'requin le', '', ''),
(886, 'crise la', '', ''),
(891, 'pays le', '', ''),
(892, 'traiter', '', ''),
(895, 'sentir', '', ''),
(897, 'expansion', '', ''),
(899, 'île la', '', ''),
(900, 'piste la', '', ''),
(903, 'formalidad la', '', ''),
(905, 'philosophie', '', ''),
(906, 'n/a', '', ''),
(907, 'abat-jour', '', ''),
(917, 'iris le', '', ''),
(921, 'bol le', '', ''),
(922, 'punaise la', '', ''),
(924, 'palmier le', '', ''),
(926, 'bonnet', '', ''),
(927, 'pouls le', '', ''),
(928, 'banane la', '', ''),
(929, 'pyjama le', '', ''),
(930, 'queue (kolejka)', '', ''),
(931, 'scorpion', '', ''),
(932, 'archer le', '', ''),
(933, 'herbe la', '', ''),
(934, 'goutte la', '', ''),
(935, 'thermos', '', ''),
(936, 'note la', '', ''),
(937, 'dune la', '', ''),
(940, 'dieu', '', ''),
(942, 'Pologne la', '', ''),
(943, 'france', '', ''),
(944, 'ami / amie', '', ''),
(945, 'n/a', '', ''),
(947, 'n/a', '', ''),
(948, 'n/a', '', ''),
(949, 'n/a', '', ''),
(950, 'prince le', '', ''),
(951, 'pattes d''oie (goose paws)', '', ''),
(952, 'hier (yesterday)', '', ''),
(953, 'n/a (légende)', '', ''),
(954, 'n/a', '', ''),
(958, 'n/a (maison la)', '', ''),
(959, 'eau ?', '', ''),
(961, 'adresse la', '', ''),
(968, 'parasol le', '', ''),
(992, 'n/a', '', ''),
(998, 'n/a', '', ''),
(999, 'train le', '', ''),
(1003, 'plan le', '', ''),
(1201, 'café', '', '');

-- --------------------------------------------------------

--
-- Struktura tabeli dla tabeli `german`
--

CREATE TABLE `german` (
  `Id` int(11) NOT NULL,
  `text` text NOT NULL,
  `details` text NOT NULL,
  `usage` text NOT NULL
) ENGINE=InnoDB DEFAULT CHARSET=utf8;

--
-- Zrzut danych tabeli `german`
--

INSERT INTO `german` (`Id`, `text`, `details`, `usage`) VALUES
(1, 'absolut', '', ''),
(2, 'banal ', '', ''),
(3, 'brutal ', '', ''),
(4, 'n/a', '', ''),
(5, 'delikat', '', ''),
(6, 'elegant', '', ''),
(7, 'gut', '', ''),
(8, 'gratulieren', '', ''),
(9, 'intelligent', '', ''),
(10, 'n/a', '', ''),
(11, 'bizarr', '', ''),
(12, 'diffizil (schwach)', '', ''),
(13, 'doppel', '', ''),
(14, 'fern', '', ''),
(15, 'frisch', '', ''),
(16, 'modern', '', ''),
(17, 'n/a', '', ''),
(18, 'rapide (schnell)', '', ''),
(19, 'reich', '', ''),
(21, 'normal', '', ''),
(22, 'kompliziert', '', ''),
(23, 'stabil', '', ''),
(24, 'super', '', ''),
(25, 'n/a', '', ''),
(29, 'n/a', '', ''),
(32, 'absurd', '', ''),
(38, 'n/a (streng)', '', ''),
(40, 'n/a ', '', ''),
(41, 'positiv', '', ''),
(44, 'generös (not really)', '', ''),
(51, 'n/a', '', ''),
(53, 'episch', '', ''),
(54, 'offiziell', '', ''),
(55, 'relativ', '', ''),
(56, 'schick', '', ''),
(58, 'aktuell', '', ''),
(59, 'brutal', '', ''),
(60, 'definitiv', '', ''),
(61, 'exakt', '', ''),
(62, 'pünktlich', '', ''),
(63, 'perfid', '', ''),
(64, 'direkt', '', ''),
(65, 'alias', '', ''),
(66, 'etikett das / etikette die ??', '', ''),
(67, 'Frosch', '', ''),
(68, 'Fuchs', '', ''),
(69, 'fuß', '', ''),
(70, 'gott', '', ''),
(71, 'Abstraktion die', '', ''),
(74, 'n/a', '', ''),
(75, 'Applaus der', '', ''),
(76, 'Apotheke', '', ''),
(79, 'n/a', '', ''),
(80, 'Bibliothek Die ', '', ''),
(81, 'Zeremonie (die feier)', '', ''),
(83, 'Zifferblatt die', '', ''),
(84, 'n/a (Entscheidung)', '', ''),
(85, 'Delphin der', '', ''),
(86, 'Dämon der', '', ''),
(87, 'Dialekt der', '', ''),
(88, 'Diamant der', '', ''),
(89, 'Dokument das ', '', ''),
(90, 'Drogerie die', '', ''),
(91, 'Durchschlag der', '', ''),
(92, 'n/a', '', ''),
(94, 'Flotile', '', ''),
(95, 'fragment??', '', ''),
(96, 'Frustration die', '', ''),
(97, 'Frisur', '', ''),
(98, 'funktion', '', ''),
(99, 'fußball', '', ''),
(100, 'Galerie', '', ''),
(101, 'n/a', '', ''),
(102, 'Geste die', '', ''),
(103, 'Gnu das', '', ''),
(104, 'hotel', '', ''),
(105, 'intrige der', '', ''),
(106, 'Kandidatur die', '', ''),
(107, 'Kippe', '', ''),
(108, 'Kneipe die', '', ''),
(109, 'Kode/Code der', '', ''),
(110, 'Kollektion die (Sammlung die)', '', ''),
(111, 'n/a', '', ''),
(112, 'Kombination', '', ''),
(113, 'Kompromiss der', '', ''),
(114, 'Container der', '', ''),
(115, 'Kostüm das', '', ''),
(116, 'Kram der', '', ''),
(117, 'Krawatte die', '', ''),
(118, 'Kreatur die', '', ''),
(119, 'Kruzifix das', '', ''),
(120, 'Krypta die', '', ''),
(122, 'legende die', '', ''),
(123, 'limit?', '', ''),
(124, 'Lücke die', '', ''),
(125, 'Möbel die', '', ''),
(126, 'Mikrofon das', '', ''),
(127, 'miene', '', ''),
(128, 'Angst die', '', ''),
(129, 'Apfel', '', ''),
(130, 'aprikose', '', ''),
(131, 'Äquivalent das', '', ''),
(132, 'drache', '', ''),
(133, 'Eisberg', '', ''),
(134, 'Elefant', '', ''),
(135, 'Engel', '', ''),
(136, 'Exkursion die', '', ''),
(138, 'Fleisch', '', ''),
(139, 'Hand die', '', ''),
(140, 'milch', '', ''),
(141, 'monster das', '', ''),
(142, 'n/a', '', ''),
(143, 'n/a', '', ''),
(144, 'n/a', '', ''),
(145, 'n/a', '', ''),
(146, 'n/a', '', ''),
(147, 'n/a', '', ''),
(148, 'n/a', '', ''),
(149, 'n/a', '', ''),
(150, 'n/a (gift)', '', ''),
(151, 'Neffe der', '', ''),
(152, 'Neger der', '', ''),
(153, 'ostern', '', ''),
(154, 'Schwarm', '', ''),
(155, 'zigarette', '', ''),
(157, 'nicht', '', ''),
(159, 'Nase die', '', ''),
(160, 'Objekt das ?', '', ''),
(161, 'omelett', '', ''),
(162, 'ovation', '', ''),
(163, 'Parlament das', '', ''),
(164, 'Vater der', '', ''),
(165, 'n/a', '', ''),
(166, 'Personal der', '', ''),
(167, 'planet der', '', ''),
(168, 'Politik die', '', ''),
(169, 'Roman der', '', ''),
(170, 'Position die', '', ''),
(171, 'Prozess der (Vorgang)', '', ''),
(172, 'Respekt der', '', ''),
(173, 'rubin der', '', ''),
(174, 'n/a', '', ''),
(175, 'saison die', '', ''),
(176, 'station', '', ''),
(177, 'start', '', ''),
(178, 'streik', '', ''),
(179, 'Subwoofer der ', '', ''),
(180, 'Symptom der', '', ''),
(181, 'Skelett das', '', ''),
(182, 'Sturm', '', ''),
(183, 'Schicht', '', ''),
(184, 'Tabelle', '', ''),
(185, 'Team das', '', ''),
(186, 'Tragödie', '', ''),
(187, 'tunnel der', '', ''),
(188, 'Tiger der', '', ''),
(189, 'Ouvertüre die', '', ''),
(190, 'n/a', '', ''),
(191, 'wert', '', ''),
(192, 'Winkel', '', ''),
(193, 'wein', '', ''),
(194, 'n/a', '', ''),
(195, 'Wrack (das)', '', ''),
(196, 'zenit', '', ''),
(197, 'Zodiakus', '', ''),
(198, 'Zoo', '', ''),
(199, 'Zickzack der', '', ''),
(200, 'Duell das', '', ''),
(201, 'Konkubinat der', '', ''),
(202, 'Singsang der', '', ''),
(203, 'n/a', '', ''),
(204, 'Flamme die ', '', ''),
(210, 'Idol das', '', ''),
(211, 'Niveau das', '', ''),
(213, 'Defekt der', '', ''),
(214, 'Passion die ?', '', ''),
(218, 'Spanien', '', ''),
(219, 'orang-utan', '', ''),
(220, 'Schweden', '', ''),
(221, 'füllen', '', ''),
(222, 'konzentrieren (sich)', '', ''),
(223, 'abseilen', '', ''),
(224, 'halt', '', ''),
(225, 'n/a', '', ''),
(226, 'n/a (strangulieren?)', '', ''),
(227, 'pissen', '', ''),
(228, 'n/a', '', ''),
(229, 'n/a', '', ''),
(230, 'präsentieren ', '', ''),
(231, 'respektieren', '', ''),
(232, 'streiken', '', ''),
(233, 'n/a (Besuchen)', '', ''),
(234, 'reparieren', '', ''),
(240, 'Angst die', '', ''),
(241, 'Asche', '', ''),
(242, 'n/a', '', ''),
(243, 'frei', '', ''),
(244, 'Frost', '', ''),
(245, 'Glas', '', ''),
(246, 'Grad', '', ''),
(247, 'Gras', '', ''),
(248, 'grau', '', ''),
(249, 'Grinsen', '', ''),
(250, 'Jacke', '', ''),
(251, 'Jahr', '', ''),
(252, 'Job', '', ''),
(253, 'Jung', '', ''),
(254, 'Krähe die', '', ''),
(255, 'lang', '', ''),
(256, 'lecken', '', ''),
(257, 'mähne', '', ''),
(258, 'Mond der', '', ''),
(259, 'muskel', '', ''),
(260, 'n/a ', '', ''),
(261, 'n/a (panzer)', '', ''),
(262, 'nudel nudeln (pl)', '', ''),
(263, 'Onkel der', '', ''),
(264, 'Qualität', '', ''),
(265, 'rabe', '', ''),
(266, 'Rast die ?', '', ''),
(267, 'Ratte', '', ''),
(268, 'raum', '', ''),
(269, 'recht', '', ''),
(270, 'schwimmen', '', ''),
(271, 'sigiel', '', ''),
(272, 'team', '', ''),
(274, 'Akzent der', '', ''),
(275, 'aktiv', '', ''),
(276, 'alpha das', '', ''),
(277, 'alkohol', '', ''),
(278, 'amerikanisch', '', ''),
(279, 'n/a', '', ''),
(280, 'Anatomie die', '', ''),
(282, 'englisch', '', ''),
(284, 'Archiv', '', ''),
(285, 'Armie (Heer)', '', ''),
(286, 'Asthma das', '', ''),
(287, 'auto', '', ''),
(288, 'autobiografie / autobiographie die', '', ''),
(289, 'Ballast der', '', ''),
(290, 'bambus', '', ''),
(291, 'bande', '', ''),
(292, 'Bank', '', ''),
(293, 'Base', '', ''),
(294, 'beige', '', ''),
(295, 'Bibel die', '', ''),
(296, 'Bizeps der', '', ''),
(297, 'Büro', '', ''),
(298, 'bluff der', '', ''),
(299, 'Bombe die', '', ''),
(301, 'Bordell das', '', ''),
(302, 'ziel', '', ''),
(303, 'zertifikat', '', ''),
(304, 'Zügel der', '', ''),
(305, 'Zucker der', '', ''),
(306, 'Zucchini die', '', ''),
(307, 'ziffer', '', ''),
(308, 'zigarre', '', ''),
(309, 'Zink', '', ''),
(311, 'Zirkus', '', ''),
(312, 'Zitrone die', '', ''),
(313, 'Delinquent der', '', ''),
(314, 'Detonation die', '', ''),
(315, 'n/a', '', ''),
(316, 'Doktor der', '', ''),
(317, 'dilemma', '', ''),
(319, 'Distanz das', '', ''),
(320, 'n/a (marmelade)', '', ''),
(321, 'Effekt der', '', ''),
(322, 'examen (prüfung)', '', ''),
(323, 'existieren', '', ''),
(324, 'Equipe die', '', ''),
(326, 'n/a', '', ''),
(327, 'Explosion die', '', ''),
(328, 'n/a', '', ''),
(330, 'Episode die', '', ''),
(331, 'ästhetik', '', ''),
(332, 'Europa', '', ''),
(333, 'Fabrik die', '', ''),
(334, 'familie', '', ''),
(335, 'Fan der', '', ''),
(336, 'Phantom das', '', ''),
(337, 'farbe', '', ''),
(338, 'fassade', '', ''),
(339, 'fax das', '', ''),
(341, 'Fehler', '', ''),
(342, 'fest', '', ''),
(344, 'Film der', '', ''),
(345, 'Form', '', ''),
(346, 'n/a', '', ''),
(347, 'n/a', '', ''),
(348, 'Foto', '', ''),
(349, 'photograph der fotograph der ?', '', ''),
(350, 'photographie ? Fotografie?', '', ''),
(351, 'frucht', '', ''),
(352, 'n/a', '', ''),
(353, 'Galopp der', '', ''),
(354, 'n/a', '', ''),
(357, 'geisir', '', ''),
(358, 'generation', '', ''),
(359, 'gittare', '', ''),
(360, 'grammatik die', '', ''),
(361, 'gratulation', '', ''),
(362, 'groschen', '', ''),
(364, 'gruppe', '', ''),
(365, 'grippe', '', ''),
(366, 'haken', '', ''),
(367, 'n/a', '', ''),
(368, 'haare', '', ''),
(369, 'hyäne', '', ''),
(370, 'hypnose', '', ''),
(371, 'Idee die', '', ''),
(373, 'idiot / idiotin', '', ''),
(374, 'illusion die', '', ''),
(375, 'imagination', '', ''),
(378, 'Infektion die', '', ''),
(379, 'information', '', ''),
(380, 'instinktiv', '', ''),
(382, 'jeep', '', ''),
(383, 'Jesus', '', ''),
(384, 'joghurt', '', ''),
(385, 'Juwelier', '', ''),
(386, 'Kabel', '', ''),
(388, 'kalender', '', ''),
(389, 'Chamäleon', '', ''),
(390, 'Kanal der', '', ''),
(391, 'n/a', '', ''),
(392, 'canyon', '', ''),
(393, 'karneval der', '', ''),
(394, 'Kartoffel', '', ''),
(395, 'camping', '', ''),
(396, 'kiosk', '', ''),
(398, 'Clique', '', ''),
(399, 'Klima das', '', ''),
(400, 'Klosett das', '', ''),
(401, 'Club der', '', ''),
(402, 'katze/kater', '', ''),
(403, 'n/a', '', ''),
(404, 'n/a', '', ''),
(405, 'comic', '', ''),
(406, 'kompliment', '', ''),
(407, 'computer', '', ''),
(408, 'Konzentration die', '', ''),
(409, 'Konzept das', '', ''),
(412, 'n/a die folge?', '', ''),
(414, 'Kontinent der', '', ''),
(415, 'kooperieren', '', ''),
(416, 'n/a', '', ''),
(417, 'creme die (kreme?)', '', ''),
(418, 'Krokodil das', '', ''),
(419, 'n/a ', '', ''),
(420, 'Kultur die?', '', ''),
(421, 'Kunst die', '', ''),
(422, 'Lawine die', '', ''),
(423, 'lexikon', '', ''),
(424, 'Löwe ', '', ''),
(425, 'liga (DIE or ligen)', '', ''),
(426, 'letter (print)', '', ''),
(427, 'n/a schminke', '', ''),
(428, 'maler', '', ''),
(429, 'n/a', '', ''),
(430, 'Marmelade', '', ''),
(432, 'Metall das', '', ''),
(435, 'mine', '', ''),
(436, 'Minute die', '', ''),
(438, 'motorrad', '', ''),
(439, 'n/a', '', ''),
(440, 'museum', '', ''),
(441, 'Moslem der', '', ''),
(442, 'Musik die', '', ''),
(443, 'n/a (Tier das)', '', ''),
(444, 'aal der', '', ''),
(445, 'Abenteuer das', '', ''),
(446, 'adjektiv', '', ''),
(447, 'Arm', '', ''),
(448, 'Ball der', '', ''),
(449, 'band', '', ''),
(450, 'Bank', '', ''),
(451, 'Bär', '', ''),
(452, 'Bett', '', ''),
(453, 'Bier das', '', ''),
(454, 'blau', '', ''),
(455, 'Buch das', '', ''),
(456, 'Bulle', '', ''),
(457, 'Bus der', '', ''),
(458, 'butter die', '', ''),
(459, 'camp', '', ''),
(460, 'dinner (abendbrot) das', '', ''),
(461, 'direkt', '', ''),
(462, 'dito', '', ''),
(463, 'ernst', '', ''),
(464, 'Feder', '', ''),
(465, 'Feind', '', ''),
(466, 'Feuer', '', ''),
(467, 'Fisch', '', ''),
(468, 'Freund der', '', ''),
(469, 'Gold das', '', ''),
(470, 'honig', '', ''),
(471, 'Industrie die', '', ''),
(472, 'Juwel das', '', ''),
(473, 'monat', '', ''),
(474, 'n/a', '', ''),
(475, 'n/a', '', ''),
(476, 'n/a', '', ''),
(477, 'n/a', '', ''),
(478, 'n/a', '', ''),
(479, 'n/a', '', ''),
(480, 'n/a', '', ''),
(481, 'n/a', '', ''),
(482, 'n/a', '', ''),
(483, 'n/a', '', ''),
(484, 'n/a', '', ''),
(485, 'n/a', '', ''),
(486, 'n/a', '', ''),
(487, 'n/a', '', ''),
(488, 'n/a', '', ''),
(489, 'n/a', '', ''),
(490, 'n/a', '', ''),
(491, 'n/a', '', ''),
(492, 'n/a', '', ''),
(493, 'n/a', '', ''),
(494, 'n/a', '', ''),
(495, 'n/a', '', ''),
(496, 'n/a ', '', ''),
(497, 'n/a ', '', ''),
(498, 'n/a ', '', ''),
(499, 'n/a (arm)', '', ''),
(500, 'n/a (dorf)', '', ''),
(501, 'n/a (ruh)', '', ''),
(502, 'n/a (Sieg)', '', ''),
(503, 'n/a (verwirrt)', '', ''),
(504, 'nippel', '', ''),
(505, 'reif', '', ''),
(506, 'Ring', '', ''),
(507, 'rolle', '', ''),
(508, 'Sand der', '', ''),
(509, 'See', '', ''),
(510, 'Seele', '', ''),
(511, 'Ski', '', ''),
(512, 'skulptur', '', ''),
(513, 'Socke die', '', ''),
(514, 'sohle', '', ''),
(515, 'Soldat der', '', ''),
(516, 'Sommer', '', ''),
(517, 'starren', '', ''),
(518, 'stein', '', ''),
(519, 'Stern', '', ''),
(520, 'stinken', '', ''),
(521, 'tabak', '', ''),
(522, 'Tante die', '', ''),
(523, 'Tee der', '', ''),
(524, 'Verb das', '', ''),
(525, 'ware', '', ''),
(526, 'warm', '', ''),
(527, 'warnen', '', ''),
(528, 'wicht', '', ''),
(529, 'Wind der', '', ''),
(530, 'Zone die ?', '', ''),
(534, 'Samen der', '', ''),
(535, 'naiv', '', ''),
(536, 'Natur die', '', ''),
(537, 'nische', '', ''),
(538, 'n/a (gasthaus)', '', ''),
(539, 'ozean', '', ''),
(541, 'Opfer das', '', ''),
(542, 'Gurke', '', ''),
(543, 'olive', '', ''),
(545, 'Oper', '', ''),
(546, 'Operation', '', ''),
(548, 'opposition', '', ''),
(549, 'Software die', '', ''),
(550, 'optimismus', '', ''),
(551, 'orgel', '', ''),
(552, 'orchester', '', ''),
(553, 'palast / palais die', '', ''),
(554, 'Panik die', '', ''),
(555, 'Papier', '', ''),
(556, 'Park der', '', ''),
(557, 'parodie die', '', ''),
(558, 'pasta die', '', ''),
(559, 'pastete', '', ''),
(560, 'patron', '', ''),
(561, 'pause', '', ''),
(562, ' der ', '', ''),
(563, 'n/a', '', ''),
(564, 'pro', '', ''),
(565, 'Perle die', '', ''),
(567, 'pinsel', '', ''),
(568, 'picknick', '', ''),
(569, 'pinguin der', '', ''),
(571, 'Pizza', '', ''),
(572, 'plankton', '', ''),
(573, 'n/a (strand)', '', ''),
(574, 'Polizei die', '', ''),
(575, 'politiker', '', ''),
(576, 'n/a', '', ''),
(577, 'populär', '', ''),
(578, 'pore die', '', ''),
(579, 'praxis', '', ''),
(580, 'n/a', '', ''),
(581, 'Programm das', '', ''),
(582, 'Projekt das', '', ''),
(583, 'Prototyp der', '', ''),
(584, 'punkt (DER or punkte)', '', ''),
(585, 'Radio das', '', ''),
(586, 'Rakete die', '', ''),
(587, 'Rasse die', '', ''),
(588, 'reagieren', '', ''),
(589, 'realistich', '', ''),
(590, 'rezept', '', ''),
(591, 'reform', '', ''),
(592, 'Regal', '', ''),
(593, 'regeneration', '', ''),
(594, 'Region die', '', ''),
(595, 'Regel', '', ''),
(596, 'Reklamation die', '', ''),
(597, 'Rekord der', '', ''),
(599, 'rente', '', ''),
(600, 'republik', '', ''),
(601, 'reservieren', '', ''),
(602, 'n/a', '', ''),
(603, 'rock', '', ''),
(604, 'rosine', '', ''),
(605, 'rose', '', ''),
(606, 'rubrik', '', ''),
(607, 'Rhythmus der', '', ''),
(609, 'risiko', '', ''),
(610, 'riskieren', '', ''),
(611, 'reis', '', ''),
(612, 'Saal der', '', ''),
(613, 'Salto', '', ''),
(614, 'Salat der', '', ''),
(616, 'Sauna die', '', ''),
(617, 'szene', '', ''),
(618, 'Sekunde', '', ''),
(619, 'semester', '', ''),
(620, 'sinn', '', ''),
(621, 'sekretär ', '', ''),
(622, 'servus', '', ''),
(623, 'sexy', '', ''),
(624, 'scannen', '', ''),
(625, 'Sketch der', '', ''),
(626, 'Sonne die', '', ''),
(627, 'sozial', '', ''),
(628, 'Sofa das', '', ''),
(629, 'Salz das', '', ''),
(630, 'spazieren', '', ''),
(631, 'Sperma das', '', ''),
(632, 'n/a', '', ''),
(633, 'sponsoren', '', ''),
(634, 'sporadisch ', '', ''),
(635, 'Hardware die', '', ''),
(636, 'Stadion das', '', ''),
(637, 'stahl', '', ''),
(638, 'Status der', '', ''),
(639, 'statistik', '', ''),
(640, 'stempel', '', ''),
(641, 'Student', '', ''),
(642, 'Summe die', '', ''),
(643, 'silbe', '', ''),
(644, 'symbol', '', ''),
(645, 'Situation die', '', ''),
(646, 'n/a', '', ''),
(648, 'schlachten', '', ''),
(649, 'Schlager die', '', ''),
(650, 'schluchzen', '', ''),
(651, 'Schnur', '', ''),
(652, 'Schublade', '', ''),
(653, 'Schwager der', '', ''),
(654, 'Schwindel der', '', ''),
(655, 'ziffer', '', ''),
(656, 'Schild', '', ''),
(657, 'Talent das', '', ''),
(658, 'tanzen', '', ''),
(659, 'Text', '', ''),
(660, 'Tennis das', '', ''),
(662, 'toilette', '', ''),
(663, 'Ton der', '', ''),
(664, 'tonne die', '', ''),
(665, 'tortur?? (przenośnie!)', '', ''),
(666, 'tragisch', '', ''),
(667, 'triumph', '', ''),
(669, 'Tipp der', '', ''),
(670, 'Urne', '', ''),
(671, 'Waage die', '', ''),
(672, 'Vampir der', '', ''),
(673, 'Watte die', '', ''),
(674, 'verdikt???', '', ''),
(675, 'n/a (Besuch das)', '', ''),
(676, 'Zero das', '', ''),
(677, 'Zombie', '', ''),
(678, 'Zoom', '', ''),
(679, 'schockiert', '', ''),
(680, 'Suppe die', '', ''),
(681, 'Murmeln das', '', ''),
(682, 'Busch der', '', ''),
(683, 'Ende das', '', ''),
(684, 'Flut', '', ''),
(685, 'hier', '', ''),
(686, 'huf der', '', ''),
(687, 'insolent ', '', ''),
(688, 'intinkt', '', ''),
(689, 'klar (deutlich)', '', ''),
(690, 'kuss der', '', ''),
(691, 'lehnen', '', ''),
(692, 'lippe', '', ''),
(693, 'liste', '', ''),
(694, 'mähne', '', ''),
(695, 'mantel', '', ''),
(696, 'maske die', '', ''),
(697, 'maskotte', '', ''),
(698, 'n/a', '', ''),
(699, 'n/a (kadaver - obscure ? )', '', ''),
(700, 'n/a (unfall)', '', ''),
(701, 'n/a (wert)', '', ''),
(702, 'nest ', '', ''),
(703, 'null', '', ''),
(704, 'nummer die', '', ''),
(705, 'Orange die', '', ''),
(706, 'osten', '', ''),
(707, 'Plan der', '', ''),
(708, 'Post die', '', ''),
(709, 'pulp der', '', ''),
(710, 'Quasi...', '', ''),
(711, 'rasch (not really)', '', ''),
(712, 'religion', '', ''),
(713, 'rost', '', ''),
(714, 'rucksack', '', ''),
(715, 'rund', '', ''),
(716, 'sattel', '', ''),
(717, 'Schatten', '', ''),
(718, 'schrei(en)', '', ''),
(719, 'schrein', '', ''),
(720, 'Schwan', '', ''),
(721, 'seite', '', ''),
(722, 'shampoo', '', ''),
(723, 'shuh', '', ''),
(724, 'sicht', '', ''),
(725, 'Tomate die', '', ''),
(726, 'vulgär', '', ''),
(730, 'n/a (Alter das)', '', ''),
(731, 'n/a', '', ''),
(738, 'Boulevard der', '', ''),
(743, 'n/a (Kette die)', '', ''),
(748, 'n/a (gefährlich)', '', ''),
(759, 'n/a (wichtig)', '', ''),
(762, 'Interesse', '', ''),
(782, 'n/a', '', ''),
(806, 'Visum das', '', ''),
(811, 'Chance die', '', ''),
(818, 'n/a', '', ''),
(820, 'Lampie die', '', ''),
(821, 'Panorama das', '', ''),
(828, 'n/a', '', ''),
(830, 'n/a (Zelt', '', ''),
(832, 'n/a (Hautfarbe die)', '', ''),
(838, 'n/a', '', ''),
(842, 'n/a (Erdbeere)', '', ''),
(847, 'Komplott das', '', ''),
(851, 'Allergie die', '', ''),
(852, 'n/a (Sprache die)', '', ''),
(855, 'Pogrom das', '', ''),
(856, 'n/a (zwischen)', '', ''),
(858, 'n/a', '', ''),
(867, 'n/a (Beispiel)', '', ''),
(868, 'n/a (traurig)', '', ''),
(869, 'Impuls der', '', ''),
(873, 'Batterie die', '', ''),
(874, 'Wolf', '', ''),
(875, 'Werkstatt die', '', ''),
(877, 'Koalition die', '', ''),
(878, 'n/a', '', ''),
(880, 'Boykott der', '', ''),
(881, 'boykottieren ', '', ''),
(882, 'Narkose die', '', ''),
(883, '!champignon - pieczarka', '', ''),
(884, 'n/a (Hai der)', '', ''),
(886, 'Krise die', '', ''),
(891, 'n/a (Land)', '', ''),
(892, 'n/a', '', ''),
(893, 'Athlet der', '', ''),
(895, 'n/a', '', ''),
(899, 'Insel', '', ''),
(900, 'Piste die', '', ''),
(903, 'Formalität die ?', '', ''),
(905, 'Philosophie ', '', ''),
(906, 'Peitsche die', '', ''),
(907, 'n/a', '', ''),
(910, 'Krone die', '', ''),
(916, 'Chirurg der', '', ''),
(917, 'Iris die', '', ''),
(919, 'Klaue die', '', ''),
(920, 'hart', '', ''),
(921, 'n/a', '', ''),
(922, 'n/a', '', ''),
(924, 'Palme die', '', ''),
(925, 'n/a', '', ''),
(927, 'Puls der', '', ''),
(928, 'Banane die', '', ''),
(931, 'Skorpion', '', ''),
(933, 'n/a ', '', ''),
(934, 'n/a Tropfen der', '', ''),
(935, 'Thermosflasche', '', ''),
(936, 'Note die', '', ''),
(937, 'Düne die', '', ''),
(938, 'Balkon der', '', ''),
(939, 'Matte die', '', ''),
(940, 'n/a (Gott der)', '', ''),
(941, 'n/a (Deustschland)', '', ''),
(942, 'Polen', '', ''),
(943, 'Frankreich', '', ''),
(944, 'n/a', '', ''),
(945, 'Lampenschirm der', '', ''),
(946, 'n/a (Kuli)', '', ''),
(947, 'n/a', '', ''),
(948, 'n/a', '', ''),
(949, 'n/a', '', ''),
(950, 'Prinz der', '', ''),
(951, 'Krähenfüße', '', ''),
(952, 'hier (here)', '', ''),
(953, 'Sage die', '', ''),
(954, 'n/a', '', ''),
(955, 'Gang der', '', ''),
(958, 'n/a', '', ''),
(959, 'n/a (Wasser das)', '', ''),
(960, 'Wasser das', '', ''),
(961, 'Adresse die', '', ''),
(965, 'Clique die', '', ''),
(990, 'E-mail', '', ''),
(992, 'Pech das', '', ''),
(994, 'beginnen', '', ''),
(995, 'trinken', '', ''),
(997, 'buchen', '', ''),
(998, 'n/a', '', ''),
(999, 'n/a (Zug der)', '', ''),
(1002, 'Presse die', '', ''),
(1003, 'Plan der', '', ''),
(1005, 'Katalog der', '', ''),
(1006, 'Produkt das', '', ''),
(1200, 'Netzwerk das', '', ''),
(1201, 'Kaffee der', '', '');

-- --------------------------------------------------------

--
-- Struktura tabeli dla tabeli `italian`
--

CREATE TABLE `italian` (
  `Id` int(11) NOT NULL,
  `Text` text CHARACTER SET utf8 NOT NULL,
  `Details` text NOT NULL,
  `Usage` text NOT NULL
) ENGINE=InnoDB DEFAULT CHARSET=latin1;

--
-- Zrzut danych tabeli `italian`
--

INSERT INTO `italian` (`Id`, `Text`, `Details`, `Usage`) VALUES
(940, 'dio', '', '');

-- --------------------------------------------------------

--
-- Struktura tabeli dla tabeli `korean`
--

CREATE TABLE `korean` (
  `Id` int(11) NOT NULL,
  `Text` text CHARACTER SET utf8 NOT NULL,
  `Details` text NOT NULL,
  `Usage` text NOT NULL
) ENGINE=InnoDB DEFAULT CHARSET=latin1;

--
-- Zrzut danych tabeli `korean`
--

INSERT INTO `korean` (`Id`, `Text`, `Details`, `Usage`) VALUES
(1, 'n/a', '', ''),
(2, 'n/a', '', ''),
(4, 'n/a', '', ''),
(13, 'n/a', '', ''),
(22, 'n/a', '', ''),
(23, 'n/a', '', ''),
(24, 'n/a', '', ''),
(68, 'n/a (여우)', '', ''),
(80, 'n/a (도서관)', '', ''),
(102, 'n/a', '', ''),
(143, 'n/a', '', ''),
(218, '스페인', '', ''),
(220, '스웨덴', '', ''),
(251, 'n/a (년)', '', ''),
(290, 'n/a', '', ''),
(332, '유럽', '', ''),
(383, '예수', '', ''),
(403, 'n/a', '', ''),
(407, '컴퓨터', '', ''),
(452, 'n/a 침대', '', ''),
(457, '버스', '', ''),
(611, 'n/a ', '', ''),
(614, '샐러드', '', ''),
(669, 'n/a', '', ''),
(672, 'n/a', '', ''),
(685, 'n/a (여기)', '', ''),
(705, '오렌지', '', ''),
(722, '샴푸', '', ''),
(800, 'n/a', '', ''),
(801, 'n/a', '', ''),
(802, 'n/a', '', ''),
(803, 'n/a', '', ''),
(804, 'n/a', '', ''),
(805, 'n/a', '', ''),
(806, '비자', '', ''),
(923, '텔레비전', '', ''),
(928, '바나나', '', ''),
(940, 'n/a', '', ''),
(941, 'n/a (독일)', '', ''),
(942, '폴란드', '', ''),
(943, '프랑스', '', ''),
(944, 'n/a (친구)', '', ''),
(945, 'n/a', '', ''),
(946, '볼펜', '', ''),
(947, 'n/a ', '', ''),
(948, 'n/a', '', ''),
(949, 'n/a (어디)', '', ''),
(950, 'n/a', '', ''),
(954, '차', '', ''),
(959, 'n/a (물)', '', ''),
(962, '마우스', '', ''),
(963, '키보드', '', ''),
(966, '스파게티', '', ''),
(967, '햄버거', '', ''),
(990, '이메일', '', ''),
(998, 'n/a', '', ''),
(1001, '워크숍', '', ''),
(1200, '네트워크', '', ''),
(1201, '커피', '', '');

-- --------------------------------------------------------

--
-- Struktura tabeli dla tabeli `latin`
--

CREATE TABLE `latin` (
  `Id` int(11) NOT NULL,
  `Text` text CHARACTER SET utf8 NOT NULL,
  `Details` text NOT NULL,
  `Usage` text NOT NULL
) ENGINE=InnoDB DEFAULT CHARSET=latin1;

--
-- Zrzut danych tabeli `latin`
--

INSERT INTO `latin` (`Id`, `Text`, `Details`, `Usage`) VALUES
(18, 'rapidus', '', ''),
(70, 'n/a (deus)', '', ''),
(75, 'applaudere', '', ''),
(86, 'daemon ‎', '', ''),
(109, 'codex', '', ''),
(192, 'n/a', '', ''),
(197, 'zodiacus', '', ''),
(206, 'ursus', '', ''),
(221, 'n/a', '', ''),
(259, 'musculus ', '', ''),
(347, 'n/a', '', ''),
(394, 'n/a', '', ''),
(407, 'n/a', '', ''),
(439, 'musca latin', '', ''),
(451, 'n/a', '', ''),
(468, 'n/a (amico or amica)', '', ''),
(484, 'liber latin', '', ''),
(492, 'tempesta latin', '', ''),
(501, 'pax', '', ''),
(502, 'victōria', '', ''),
(542, 'angurion?', '', ''),
(648, 'n/a', '', ''),
(685, 'n/a', '', ''),
(848, 'penne (feather)', '', ''),
(940, 'deus', '', ''),
(944, 'amico / amica', '', ''),
(945, 'n/a', '', ''),
(947, 'n/a', '', ''),
(948, 'n/a', '', ''),
(949, 'n/a', '', ''),
(954, 'n/a', '', ''),
(992, 'n/a', '', '');

-- --------------------------------------------------------

--
-- Struktura tabeli dla tabeli `polish`
--

CREATE TABLE `polish` (
  `Id` int(11) NOT NULL,
  `Text` text CHARACTER SET utf8 NOT NULL,
  `Details` text NOT NULL,
  `Usage` text NOT NULL
) ENGINE=InnoDB DEFAULT CHARSET=latin1;

--
-- Zrzut danych tabeli `polish`
--

INSERT INTO `polish` (`Id`, `Text`, `Details`, `Usage`) VALUES
(1, 'absolutny', '', ''),
(2, 'banalny', '', ''),
(3, 'brutalny', '', ''),
(4, 'debil(ny)', '', ''),
(5, 'delikatny', '', ''),
(6, 'elegancki', '', ''),
(7, 'git', '', ''),
(8, 'gratulować', '', ''),
(9, 'inteligentny', '', ''),
(10, 'intensywny', '', ''),
(11, 'n/a', '', ''),
(12, 'n/a', '', ''),
(13, 'n/a', '', ''),
(14, 'n/a', '', ''),
(15, 'n/a', '', ''),
(16, 'n/a', '', ''),
(17, 'n/a', '', ''),
(18, 'n/a', '', ''),
(19, 'n/a', '', ''),
(20, 'n/a', '', ''),
(21, 'normalny', '', ''),
(22, 'skomplikowane', '', ''),
(23, 'stabilny', '', ''),
(24, 'super', '', ''),
(25, 'wolontariacki', '', ''),
(26, 'agresywny', '', ''),
(27, 'n/a', '', ''),
(29, 'n/a', '', ''),
(40, 'n/a', '', ''),
(41, 'pozytywny', '', ''),
(42, 'n/a', '', ''),
(43, 'n/a', '', ''),
(44, 'n/a', '', ''),
(50, 'n/a', '', ''),
(51, 'n/a', '', ''),
(53, 'epicki', '', ''),
(54, 'oficjlany', '', ''),
(55, 'relatywny ?', '', ''),
(56, 'szykowne', '', ''),
(58, 'aktualny', '', ''),
(59, 'brutalnie', '', ''),
(60, 'definitywnie', '', ''),
(61, 'n/a', '', ''),
(62, 'punktualnie', '', ''),
(63, 'perfidnie', '', ''),
(64, 'n/a', '', ''),
(65, 'alias', '', ''),
(66, 'etykieta', '', ''),
(67, 'n/a', '', ''),
(68, 'n/a', '', ''),
(69, 'n/a', '', ''),
(70, 'n/a', '', ''),
(71, 'abstrakcja', '', ''),
(72, 'abstynencja', '', ''),
(73, 'abstynent', '', ''),
(74, 'admiracja', '', ''),
(75, 'aplauz', '', ''),
(76, 'apteka', '', ''),
(77, 'aspiryna', '', ''),
(78, 'atak', '', ''),
(79, 'baza', '', ''),
(80, 'biblioteka', '', ''),
(81, 'ceremonia', '', ''),
(82, 'charakter', '', ''),
(83, 'cyferblat', '', ''),
(84, 'decyzja', '', ''),
(85, 'delfin', '', ''),
(86, 'demon', '', ''),
(87, 'dialekt', '', ''),
(88, 'diament', '', ''),
(89, 'dokument', '', ''),
(90, 'drogeria', '', ''),
(91, 'durszlak', '', ''),
(92, 'etykieta', '', ''),
(93, 'fiasko', '', ''),
(94, 'flotylla', '', ''),
(95, 'fragment', '', ''),
(96, 'frustracja', '', ''),
(97, 'fryzura', '', ''),
(98, 'funkcja', '', ''),
(99, 'futbol', '', ''),
(100, 'galeria', '', ''),
(101, 'gaża', '', ''),
(102, 'gest', '', ''),
(103, 'gnu', '', ''),
(104, 'hotel', '', ''),
(105, 'intryga', '', ''),
(106, 'kandydatura', '', ''),
(107, 'kiep', '', ''),
(108, 'knajpa', '', ''),
(109, 'kod', '', ''),
(110, 'kolekcja', '', ''),
(111, 'kolor', '', ''),
(112, 'kombinacja', '', ''),
(113, 'kompromis', '', ''),
(114, 'kontener', '', ''),
(115, 'kostium', '', ''),
(116, 'kram', '', ''),
(117, 'krawat', '', ''),
(118, 'kreatura', '', ''),
(119, 'krucyfiks', '', ''),
(120, 'krypta', '', ''),
(121, 'kurtyna', '', ''),
(122, 'legenda', '', ''),
(123, 'limit', '', ''),
(124, 'luka', '', ''),
(125, 'meble', '', ''),
(126, 'mikrofon', '', ''),
(127, 'mina', '', ''),
(128, 'n/a', '', ''),
(129, 'n/a', '', ''),
(130, 'n/a', '', ''),
(131, 'n/a', '', ''),
(132, 'n/a', '', ''),
(133, 'n/a', '', ''),
(134, 'n/a', '', ''),
(135, 'n/a', '', ''),
(136, 'n/a', '', ''),
(138, 'n/a', '', ''),
(139, 'n/a', '', ''),
(140, 'n/a', '', ''),
(141, 'n/a', '', ''),
(142, 'n/a', '', ''),
(143, 'n/a', '', ''),
(144, 'n/a', '', ''),
(145, 'n/a', '', ''),
(146, 'n/a', '', ''),
(147, 'n/a', '', ''),
(148, 'n/a', '', ''),
(149, 'n/a', '', ''),
(150, 'n/a', '', ''),
(151, 'n/a', '', ''),
(152, 'n/a', '', ''),
(153, 'n/a', '', ''),
(154, 'n/a', '', ''),
(155, 'n/a', '', ''),
(156, 'n/a', '', ''),
(157, 'n/a (noc)', '', ''),
(159, 'nos', '', ''),
(160, 'obiekt', '', ''),
(161, 'omlet', '', ''),
(162, 'owacja', '', ''),
(163, 'parlament', '', ''),
(164, 'n/a pater (duchowny)', '', ''),
(165, 'perfidia', '', ''),
(166, 'personel', '', ''),
(167, 'planeta', '', ''),
(168, 'polityka', '', ''),
(169, 'powieść', '', ''),
(170, 'pozycja', '', ''),
(171, 'proces', '', ''),
(172, 'respekt', '', ''),
(173, 'rubin', '', ''),
(174, 'sekret', '', ''),
(175, 'sezon', '', ''),
(176, 'stacja', '', ''),
(177, 'start', '', ''),
(178, 'strajk', '', ''),
(179, 'subwoofer', '', ''),
(180, 'symptom', '', ''),
(181, 'szkielet', '', ''),
(182, 'sztorm', '', ''),
(183, 'szychta', '', ''),
(184, 'tabela', '', ''),
(185, 'team', '', ''),
(186, 'tragedia', '', ''),
(187, 'tunel', '', ''),
(188, 'tygrys', '', ''),
(189, 'uwertura', '', ''),
(190, 'walizka', '', ''),
(191, 'wartość', '', ''),
(192, 'winkiel', '', ''),
(193, 'wino', '', ''),
(194, 'wolontariusz', '', ''),
(195, 'wrak', '', ''),
(196, 'zenit', '', ''),
(197, 'zodiak', '', ''),
(198, 'zoo', '', ''),
(199, 'zygzag', '', ''),
(203, 'n/a', '', ''),
(204, 'n/a', '', ''),
(210, 'idol', '', ''),
(211, 'n/a', '', ''),
(213, 'defekt', '', ''),
(214, 'pasja', '', ''),
(216, 'n/a', '', ''),
(217, 'dama', '', ''),
(218, 'hiszpania', '', ''),
(219, 'orangutan', '', ''),
(220, 'szwecja', '', ''),
(221, 'n/a', '', ''),
(222, 'koncentrować się', '', ''),
(223, 'n/a', '', ''),
(224, 'n/a', '', ''),
(225, 'n/a', '', ''),
(226, 'n/a', '', ''),
(227, 'n/a', '', ''),
(228, 'n/a', '', ''),
(229, 'n/a', '', ''),
(230, 'prezentować', '', ''),
(231, 'respektować', '', ''),
(232, 'strajkować', '', ''),
(233, 'wizytować', '', ''),
(237, 'serfowac', '', ''),
(240, 'n/a', '', ''),
(241, 'n/a', '', ''),
(242, 'n/a', '', ''),
(243, 'n/a', '', ''),
(244, 'n/a', '', ''),
(245, 'n/a', '', ''),
(246, 'n/a', '', ''),
(247, 'n/a', '', ''),
(248, 'n/a', '', ''),
(249, 'n/a', '', ''),
(254, 'n/a', '', ''),
(256, 'n/a', '', ''),
(257, 'n/a', '', ''),
(258, 'n/a', '', ''),
(259, 'n/a', '', ''),
(260, 'n/a (sygnalizacja)', '', ''),
(261, 'n/a', '', ''),
(263, 'n/a', '', ''),
(265, 'n/a', '', ''),
(269, 'n/a', '', ''),
(270, 'n/a', '', ''),
(272, 'n/a', '', ''),
(273, 'afront', '', ''),
(274, 'akcent', '', ''),
(275, 'aktywny', '', ''),
(276, 'alfa', '', ''),
(277, 'alkohol', '', ''),
(278, 'amerykański', '', ''),
(279, 'amory', '', ''),
(280, 'anatomia', '', ''),
(281, 'anegdota', '', ''),
(282, 'angielski', '', ''),
(283, 'ankieta', '', ''),
(284, 'archiwum', '', ''),
(285, 'armia', '', ''),
(286, 'astma', '', ''),
(287, 'auto', '', ''),
(288, 'autobiografia', '', ''),
(289, 'balast', '', ''),
(290, 'bambus', '', ''),
(291, 'banda', '', ''),
(292, 'bank', '', ''),
(293, 'baza', '', ''),
(294, 'beżowy', '', ''),
(295, 'biblia', '', ''),
(296, 'biceps', '', ''),
(297, 'biuro', '', ''),
(298, 'blef', '', ''),
(299, 'bomba', '', ''),
(300, 'broszura ', '', ''),
(301, 'burdel', '', ''),
(302, 'cel', '', ''),
(303, 'certyfikat', '', ''),
(304, 'cugle', '', ''),
(305, 'cukier', '', ''),
(306, 'cukinia', '', ''),
(307, 'cyfra', '', ''),
(308, 'cygaro', '', ''),
(309, 'cynk', '', ''),
(311, 'cyrk', '', ''),
(312, 'cytryna', '', ''),
(313, 'delikwent', '', ''),
(314, 'detonacja', '', ''),
(315, 'diabeł', '', ''),
(316, 'doktor', '', ''),
(317, 'dylemat', '', ''),
(319, 'dystans', '', ''),
(320, 'dżem', '', ''),
(321, 'efekt', '', ''),
(322, 'egzamin', '', ''),
(323, 'egzystować', '', ''),
(324, 'ekipa', '', ''),
(325, 'ekran', '', ''),
(326, 'ekscytacja', '', ''),
(327, 'eksplozja', '', ''),
(328, 'emanować', '', ''),
(329, 'emocja', '', ''),
(330, 'epizod', '', ''),
(331, 'estetyka', '', ''),
(332, 'Europa', '', ''),
(333, 'fabryka', '', ''),
(334, 'familia', '', ''),
(335, 'fan', '', ''),
(336, 'fantom', '', ''),
(337, 'farba', '', ''),
(338, 'fasada', '', ''),
(339, 'fax', '', ''),
(340, 'faza ', '', ''),
(341, 'feler', '', ''),
(342, 'fest (gwara)', '', ''),
(343, 'fikcja', '', ''),
(344, 'film', '', ''),
(345, 'forma', '', ''),
(346, 'fosa', '', ''),
(347, 'fotel', '', ''),
(348, 'foto', '', ''),
(349, 'fotograf', '', ''),
(350, 'fotografia', '', ''),
(351, 'frukt', '', ''),
(352, 'gafa', '', ''),
(353, 'galop', '', ''),
(354, 'gang', '', ''),
(355, 'gaza', '', ''),
(356, 'gazeta', '', ''),
(357, 'gejzer', '', ''),
(358, 'generacja', '', ''),
(359, 'gitara', '', ''),
(360, 'gramatyka', '', ''),
(361, 'gratulacje', '', ''),
(362, 'grosz', '', ''),
(363, 'grota', '', ''),
(364, 'grupa', '', ''),
(365, 'grypa', '', ''),
(366, 'hak', '', ''),
(367, 'hamak', '', ''),
(368, 'hery (colloquial)', '', ''),
(369, 'hiena', '', ''),
(370, 'hipnoza', '', ''),
(371, 'idea', '', ''),
(372, 'idealista', '', ''),
(373, 'idiota', '', ''),
(374, 'iluzja', '', ''),
(375, 'imaginacja?', '', ''),
(376, 'imbecyl', '', ''),
(377, 'incydent', '', ''),
(378, 'infekcja', '', ''),
(379, 'informacja', '', ''),
(380, 'instyntownie', '', ''),
(381, 'inwestować', '', ''),
(382, 'jeep', '', ''),
(383, 'Jezus', '', ''),
(384, 'jogurt', '', ''),
(385, 'jubiler', '', ''),
(386, 'kabel', '', ''),
(387, 'kabinet', '', ''),
(388, 'kalendarz', '', ''),
(389, 'kameleon', '', ''),
(390, 'kanał', '', ''),
(391, 'kanapa', '', ''),
(392, 'kanion', '', ''),
(393, 'karnawał', '', ''),
(394, 'kartofel', '', ''),
(395, 'kemping(owanie)', '', ''),
(396, 'kiosk', '', ''),
(397, 'klaun', '', ''),
(398, 'klika', '', ''),
(399, 'klimat', '', ''),
(400, 'klozet', '', ''),
(401, 'klub', '', ''),
(402, 'kocur/kot', '', ''),
(403, 'kolacja', '', ''),
(404, 'kolokwialny', '', ''),
(405, 'komiks', '', ''),
(406, 'komplement', '', ''),
(407, 'komputer', '', ''),
(408, 'koncentracja', '', ''),
(409, 'koncept', '', ''),
(410, 'koneser', '', ''),
(411, 'konkurs', '', ''),
(412, 'konsekwencja', '', ''),
(413, 'kontrabanda', '', ''),
(414, 'kontynent', '', ''),
(415, 'kooperować', '', ''),
(416, 'koszmar', '', ''),
(417, 'krem', '', ''),
(418, 'krokodyl', '', ''),
(419, 'kryminalista', '', ''),
(420, 'kultura', '', ''),
(421, 'kunszt', '', ''),
(422, 'lawina', '', ''),
(423, 'leksykon', '', ''),
(424, 'lew', '', ''),
(425, 'liga', '', ''),
(426, 'litera', '', ''),
(427, 'makijaż', '', ''),
(428, 'malarz', '', ''),
(429, 'maniak', '', ''),
(430, 'marmolada', '', ''),
(431, 'mecz', '', ''),
(432, 'metal', '', ''),
(433, 'metro', '', ''),
(434, 'miesiąc', '', ''),
(435, 'mina', '', ''),
(436, 'minuta', '', ''),
(437, 'miód', '', ''),
(438, 'motor', '', ''),
(439, 'mucha', '', ''),
(440, 'muzeum', '', ''),
(441, 'muzułmanin', '', ''),
(442, 'muzyka', '', ''),
(443, 'n/a', '', ''),
(444, 'n/a', '', ''),
(445, 'n/a', '', ''),
(446, 'n/a', '', ''),
(447, 'n/a', '', ''),
(448, 'n/a', '', ''),
(449, 'n/a', '', ''),
(450, 'n/a', '', ''),
(451, 'n/a', '', ''),
(452, 'n/a', '', ''),
(453, 'n/a', '', ''),
(454, 'n/a', '', ''),
(455, 'n/a', '', ''),
(456, 'n/a', '', ''),
(457, 'n/a (autobus)', '', ''),
(458, 'n/a', '', ''),
(459, 'n/a', '', ''),
(460, 'n/a', '', ''),
(461, 'n/a', '', ''),
(462, 'n/a', '', ''),
(463, 'n/a', '', ''),
(464, 'n/a', '', ''),
(465, 'n/a', '', ''),
(466, 'n/a', '', ''),
(467, 'n/a', '', ''),
(468, 'n/a', '', ''),
(469, 'n/a', '', ''),
(470, 'n/a', '', ''),
(471, 'n/a', '', ''),
(472, 'n/a', '', ''),
(473, 'n/a', '', ''),
(474, 'n/a', '', ''),
(475, 'n/a', '', ''),
(476, 'n/a', '', ''),
(477, 'n/a', '', ''),
(478, 'n/a', '', ''),
(479, 'n/a', '', ''),
(480, 'n/a', '', ''),
(481, 'n/a', '', ''),
(482, 'n/a', '', ''),
(483, 'n/a', '', ''),
(484, 'n/a', '', ''),
(485, 'n/a', '', ''),
(486, 'n/a', '', ''),
(487, 'n/a', '', ''),
(488, 'n/a', '', ''),
(489, 'n/a', '', ''),
(490, 'n/a', '', ''),
(491, 'n/a', '', ''),
(492, 'n/a', '', ''),
(493, 'n/a', '', ''),
(494, 'n/a', '', ''),
(495, 'n/a', '', ''),
(496, 'n/a', '', ''),
(497, 'n/a', '', ''),
(498, 'n/a', '', ''),
(499, 'n/a', '', ''),
(500, 'n/a', '', ''),
(501, 'n/a', '', ''),
(502, 'n/a', '', ''),
(503, 'n/a', '', ''),
(504, 'n/a', '', ''),
(505, 'n/a', '', ''),
(506, 'n/a', '', ''),
(507, 'n/a', '', ''),
(508, 'n/a', '', ''),
(509, 'n/a', '', ''),
(510, 'n/a', '', ''),
(511, 'n/a', '', ''),
(512, 'n/a', '', ''),
(513, 'n/a', '', ''),
(514, 'n/a', '', ''),
(515, 'n/a', '', ''),
(516, 'n/a', '', ''),
(517, 'n/a', '', ''),
(518, 'n/a', '', ''),
(519, 'n/a', '', ''),
(520, 'n/a', '', ''),
(521, 'n/a', '', ''),
(522, 'n/a', '', ''),
(523, 'n/a', '', ''),
(524, 'n/a', '', ''),
(525, 'n/a', '', ''),
(526, 'n/a', '', ''),
(527, 'n/a', '', ''),
(528, 'n/a', '', ''),
(529, 'n/a', '', ''),
(530, 'n/a', '', ''),
(531, 'n/a', '', ''),
(532, 'n/a', '', ''),
(533, 'n/a', '', ''),
(534, 'n/a (sperma)', '', ''),
(535, 'naiwny', '', ''),
(536, 'natura', '', ''),
(537, 'nisza', '', ''),
(538, 'oberża', '', ''),
(539, 'ocean', '', ''),
(540, 'oferta', '', ''),
(541, 'ofiara', '', ''),
(542, 'ogórek', '', ''),
(543, 'oliwka', '', ''),
(544, 'opcja', '', ''),
(545, 'opera', '', ''),
(546, 'operacja ', '', ''),
(547, 'opium', '', ''),
(548, 'opozycja', '', ''),
(549, 'oprogramowanie', '', ''),
(550, 'optymizm', '', ''),
(551, 'organy', '', ''),
(552, 'orkiestra', '', ''),
(553, 'pałac', '', ''),
(554, 'panika', '', ''),
(555, 'papier', '', ''),
(556, 'park', '', ''),
(557, 'parodia', '', ''),
(558, 'pasta', '', ''),
(559, 'pasztet', '', ''),
(560, 'patron', '', ''),
(561, 'pauza', '', ''),
(562, 'pean', '', ''),
(563, 'pejzaż', '', ''),
(564, 'per', '', ''),
(565, 'perła', '', ''),
(566, 'peryferia', '', ''),
(567, 'pędzel', '', ''),
(568, 'piknik', '', ''),
(569, 'pingwin', '', ''),
(570, 'pistolet', '', ''),
(571, 'pizza', '', ''),
(572, 'plankton', '', ''),
(573, 'plaża', '', ''),
(574, 'policja', '', ''),
(575, 'polityk', '', ''),
(576, 'populacja', '', ''),
(577, 'popularny', '', ''),
(578, 'por', '', ''),
(579, 'praktyki', '', ''),
(580, 'preferować', '', ''),
(581, 'program', '', ''),
(582, 'projekt', '', ''),
(583, 'prototyp', '', ''),
(584, 'punkt', '', ''),
(585, 'radio', '', ''),
(586, 'rakieta', '', ''),
(587, 'rasa', '', ''),
(588, 'reagować', '', ''),
(589, 'realistyczny', '', ''),
(590, 'recepta', '', ''),
(591, 'reforma', '', ''),
(592, 'regał', '', ''),
(593, 'regeneracja', '', ''),
(594, 'region', '', ''),
(595, 'reguła', '', ''),
(596, 'reklamacja', '', ''),
(597, 'rekord', '', ''),
(598, 'rekrut', '', ''),
(599, 'renta', '', ''),
(600, 'republika', '', ''),
(601, 'rezerwować', '', ''),
(602, 'rezultat', '', ''),
(603, 'rock', '', ''),
(604, 'rodzynek', '', ''),
(605, 'róża', '', ''),
(606, 'rubryka', '', ''),
(607, 'rytm', '', ''),
(608, 'rytuał', '', ''),
(609, 'ryzyko', '', ''),
(610, 'ryzykować', '', ''),
(611, 'ryż', '', ''),
(612, 'sala', '', ''),
(613, 'salto', '', ''),
(614, 'sałatka', '', ''),
(615, 'saszetka', '', ''),
(616, 'sauna', '', ''),
(617, 'scena', '', ''),
(618, 'sekunda', '', ''),
(619, 'semestr', '', ''),
(620, 'sens', '', ''),
(621, 'seretarz', '', ''),
(622, 'serwus', '', ''),
(623, 'sexy/seksi?', '', ''),
(624, 'skanować', '', ''),
(625, 'skecz', '', ''),
(626, 'słońce', '', ''),
(627, 'socjalny', '', ''),
(628, 'sofa', '', ''),
(629, 'sól', '', ''),
(630, 'spacerować', '', ''),
(631, 'sperma', '', ''),
(632, 'splendor', '', ''),
(633, 'sponsorować', '', ''),
(634, 'sporadycznie', '', ''),
(635, 'sprzęt', '', ''),
(636, 'stadion', '', ''),
(637, 'stal', '', ''),
(638, 'status', '', ''),
(639, 'statystyka', '', ''),
(640, 'stempel', '', ''),
(641, 'student', '', ''),
(642, 'suma', '', ''),
(643, 'sylaba', '', ''),
(644, 'symbol', '', ''),
(645, 'sytuacja', '', ''),
(646, 'szantaż', '', ''),
(647, 'szef', '', ''),
(648, 'szlachtować', '', ''),
(649, 'szlagier', '', ''),
(650, 'szlochać', '', ''),
(651, 'sznur', '', ''),
(652, 'szuflada', '', ''),
(653, 'szwagier', '', ''),
(654, 'szwindel', '', ''),
(655, 'szyfr', '', ''),
(656, 'szyld?', '', ''),
(657, 'talent', '', ''),
(658, 'tańczyć', '', ''),
(659, 'tekst', '', ''),
(660, 'tenis', '', ''),
(661, 'teoria', '', ''),
(662, 'toaleta', '', ''),
(663, 'ton', '', ''),
(664, 'tona', '', ''),
(665, 'tortura', '', ''),
(666, 'tragiczny', '', ''),
(667, 'triumf', '', ''),
(668, 'tropikalny', '', ''),
(669, 'typ', '', ''),
(670, 'urna', '', ''),
(671, 'waga', '', ''),
(672, 'wampir', '', ''),
(673, 'wata', '', ''),
(674, 'werdykt', '', ''),
(675, 'wizyta', '', ''),
(676, 'zero', '', ''),
(677, 'zombie', '', ''),
(678, 'zoom', '', ''),
(679, 'zszokowany', '', ''),
(680, 'zupa', '', ''),
(685, 'n/a', '', ''),
(689, 'klarowny', '', ''),
(693, 'lista', '', ''),
(705, 'n/a ', '', ''),
(731, 'n/a', '', ''),
(738, 'bulward', '', ''),
(748, 'niebezpieczny', '', ''),
(751, 'detal', '', ''),
(758, 'ignorancki', '', ''),
(760, 'n/a', '', ''),
(786, 'n/a', '', ''),
(788, 'progres ?', '', ''),
(790, 'prowokacja', '', ''),
(800, 'n/a', '', ''),
(814, 'n/a', '', ''),
(817, 'horda', '', ''),
(818, 'n/a', '', ''),
(820, 'lampa', '', ''),
(821, 'panorama', '', ''),
(826, 'protekcja', '', ''),
(828, 'n/a', '', ''),
(832, 'karnacja', '', ''),
(836, 'bogaty w', '', ''),
(838, 'absolutnie', '', ''),
(842, 'n/a', '', ''),
(843, 'n/a', '', ''),
(847, 'n/a', '', ''),
(851, 'alergia', '', ''),
(854, 'maltretowanie', '', ''),
(855, 'pogrom', '', ''),
(858, 'n/a', '', ''),
(864, 'n/a', '', ''),
(868, 'n/a', '', ''),
(869, 'impuls', '', ''),
(873, 'bateria', '', ''),
(875, 'warsztat', '', ''),
(877, 'koalicja', '', ''),
(878, 'n/a', '', ''),
(880, 'bojkot', '', ''),
(881, 'bojkotować', '', ''),
(882, 'narkoza', '', ''),
(884, 'rekin', '', ''),
(886, 'kryzys', '', ''),
(888, 'gafa', '', ''),
(891, 'n/a', '', ''),
(893, 'atleta', '', ''),
(897, 'ekspansja', '', ''),
(898, 'lokalny', '', ''),
(903, 'formalność', '', ''),
(906, 'pejcz', '', ''),
(907, 'abażur', '', ''),
(908, 'karoca', '', ''),
(910, 'korona', '', ''),
(911, 'paleta', '', ''),
(912, 'butelka', '', ''),
(915, 'kopuła', '', ''),
(916, 'chirurg', '', ''),
(917, 'n/a', '', ''),
(920, 'n/a', '', ''),
(922, 'pinezka', '', ''),
(923, 'telewizja', '', ''),
(924, 'palma', '', ''),
(927, 'puls', '', ''),
(928, 'banan', '', ''),
(929, 'pidżama', '', ''),
(931, 'skorpion', '', ''),
(935, 'termos', '', ''),
(936, 'nuta', '', ''),
(938, 'balkon', '', ''),
(939, 'mata', '', ''),
(940, 'n/a', '', ''),
(942, 'polska', '', ''),
(943, 'francja', '', ''),
(944, 'n/a', '', ''),
(945, 'n/a', '', ''),
(946, 'n/a', '', ''),
(947, 'ja', '', ''),
(948, 'ty', '', ''),
(949, 'gdzie', '', ''),
(950, 'n/a', '', ''),
(951, 'kurze stopki', '', ''),
(953, 'saga', '', ''),
(954, 'czaj', '', ''),
(956, 'kiść', '', ''),
(959, 'n/a', '', ''),
(961, 'adres', '', ''),
(964, 'kombajn', '', ''),
(965, 'klika', '', ''),
(966, 'spageti', '', ''),
(967, 'hamburger', '', ''),
(968, 'parasol', '', ''),
(990, 'e-mail', '', ''),
(992, 'pech', '', ''),
(997, 'n/a (bukować)', '', ''),
(998, 'woda', '', ''),
(999, 'n/a', '', ''),
(1002, 'prasa', '', ''),
(1003, 'plan', '', ''),
(1004, 'fonetyka', '', ''),
(1006, 'produkt', '', ''),
(1007, 'nowy', '', '');

-- --------------------------------------------------------

--
-- Struktura tabeli dla tabeli `russian`
--

CREATE TABLE `russian` (
  `Id` int(11) NOT NULL,
  `Text` text CHARACTER SET utf8 NOT NULL,
  `Details` text NOT NULL,
  `Usage` text NOT NULL
) ENGINE=InnoDB DEFAULT CHARSET=latin1;

--
-- Zrzut danych tabeli `russian`
--

INSERT INTO `russian` (`Id`, `Text`, `Details`, `Usage`) VALUES
(685, 'n/a', '', ''),
(751, 'деталь ?', '', ''),
(940, 'n/a', '', ''),
(947, 'я', '', ''),
(948, 'ты', '', ''),
(954, 'чай', '', ''),
(956, 'кисть', '', ''),
(998, 'вода́', '', '');

-- --------------------------------------------------------

--
-- Struktura tabeli dla tabeli `spanish`
--

CREATE TABLE `spanish` (
  `Id` int(11) NOT NULL,
  `Text` text CHARACTER SET utf8 NOT NULL,
  `Details` text NOT NULL,
  `Usage` text NOT NULL
) ENGINE=InnoDB DEFAULT CHARSET=latin1;

--
-- Zrzut danych tabeli `spanish`
--

INSERT INTO `spanish` (`Id`, `Text`, `Details`, `Usage`) VALUES
(3, 'brutal', '', ''),
(4, 'n/a (debil - weak)', '', ''),
(7, '(bueno or buena)', '', ''),
(10, 'intenso', '', ''),
(11, 'bizarre', '', ''),
(12, 'difícil ', '', ''),
(18, 'rápido / rápida', '', ''),
(22, 'complicado', '', ''),
(29, 'excepcional', '', ''),
(33, 'tranquilo', '', ''),
(39, 'n/a humido', '', ''),
(40, 'horrible', '', ''),
(41, 'positivo', '', ''),
(42, 'modesto', '', ''),
(43, 'superficial', '', ''),
(44, 'generoso or a', '', ''),
(47, 'fuerte', '', ''),
(48, 'raro', '', ''),
(49, 'tremendo', '', ''),
(50, 'cruel', '', ''),
(51, 'posible', '', ''),
(57, 'grave', '', ''),
(61, 'exactamente', '', ''),
(62, 'puntualmente', '', ''),
(70, 'n/a (dios)', '', ''),
(75, 'aplauso', '', ''),
(82, 'carácter el', '', ''),
(85, 'delfin', '', ''),
(86, 'demonio el', '', ''),
(98, 'función', '', ''),
(102, 'gesto el', '', ''),
(118, 'criatura la', '', ''),
(121, 'cortina la', '', ''),
(122, 'leyenda la', '', ''),
(132, 'dragón', '', ''),
(133, 'iceberg el', '', ''),
(134, 'elefante ', '', ''),
(139, 'n/a', '', ''),
(140, 'n/a (leche)', '', ''),
(142, 'n/a', '', ''),
(143, 'flor la', '', ''),
(144, 'luna la', '', ''),
(145, 'mano la', '', ''),
(146, 'ordenador el', '', ''),
(149, 'pie el', '', ''),
(150, 'ponzoña la', '', ''),
(157, 'n/a (noche)', '', ''),
(162, 'ovación', '', ''),
(164, 'padre', '', ''),
(167, 'planeta el', '', ''),
(175, 'n/a', '', ''),
(182, 'n/a', '', ''),
(183, 'n/a', '', ''),
(186, 'tragedia la', '', ''),
(192, 'n/a', '', ''),
(193, 'vino', '', ''),
(199, 'zigzag', '', ''),
(210, 'ídolo el', '', ''),
(211, 'nivel el', '', ''),
(212, 'individuo el', '', ''),
(213, 'defecto el', '', ''),
(217, 'dama la', '', ''),
(221, 'n/a', '', ''),
(224, 'n/a', '', ''),
(225, 'votar', '', ''),
(247, 'n/a', '', ''),
(248, 'gris', '', ''),
(259, 'músculo ', '', ''),
(261, 'tanque', '', ''),
(274, 'acento el', '', ''),
(278, 'americano or americana', '', ''),
(279, 'amor', '', ''),
(280, 'anatomía', '', ''),
(282, 'inglés', '', ''),
(287, 'el auto', '', ''),
(289, 'n/a', '', ''),
(292, 'banca', '', ''),
(299, 'bomba la', '', ''),
(301, 'burdel el', '', ''),
(304, 'n/a (rienda la)', '', ''),
(315, 'diablo', '', ''),
(322, 'examen', '', ''),
(324, 'equipo el', '', ''),
(338, 'fachada', '', ''),
(347, 'n/a', '', ''),
(358, 'generación', '', ''),
(368, 'n/a', '', ''),
(370, 'hipnosis', '', ''),
(371, 'idea', '', ''),
(373, 'idiota el / la', '', ''),
(386, 'cable el', '', ''),
(388, 'calendario', '', ''),
(393, 'carnaval el', '', ''),
(394, 'n/a', '', ''),
(407, 'n/a (ordenador)', '', ''),
(418, 'cocodrilo el', '', ''),
(424, 'león ', '', ''),
(434, 'mes', '', ''),
(437, 'miel', '', ''),
(446, 'adjetivo', '', ''),
(450, 'banco', '', ''),
(451, 'n/a', '', ''),
(452, 'n/a (cama)', '', ''),
(454, 'n/a (azul)', '', ''),
(461, 'directo or directa', '', ''),
(468, 'n/a (amigo)', '', ''),
(470, 'n/a', '', ''),
(475, 'bienvenida', '', ''),
(476, 'causa', '', ''),
(477, 'causa', '', ''),
(478, 'ceniza', '', ''),
(479, 'cielo', '', ''),
(480, 'diccionario', '', ''),
(484, 'libro', '', ''),
(487, 'mundo el', '', ''),
(488, 'muerte', '', ''),
(489, 'pluma', '', ''),
(492, 'n/a (tormenta la)', '', ''),
(493, 'tímido', '', ''),
(494, 'taureau', '', ''),
(495, 'velo', '', ''),
(502, 'victoria la', '', ''),
(503, 'confuso', '', ''),
(519, 'estrella', '', ''),
(523, 'té ', '', ''),
(528, 'n/a', '', ''),
(567, 'pincel', '', ''),
(570, 'pistoleta?', '', ''),
(575, 'politico', '', ''),
(577, 'popular', '', ''),
(578, 'poro el', '', ''),
(585, 'radio la', '', ''),
(593, 'regeneración', '', ''),
(613, 'salto el', '', ''),
(614, 'ensalada el', '', ''),
(626, 'el sol', '', ''),
(627, 'social', '', ''),
(628, 'sofá el', '', ''),
(639, 'estadística', '', ''),
(641, 'estudiante el', '', ''),
(644, 'simbolo', '', ''),
(648, 'n/a', '', ''),
(657, 'talento', '', ''),
(671, 'n/a', '', ''),
(672, 'el vampiro', '', ''),
(680, 'sopa', '', ''),
(685, 'n/a', '', ''),
(698, 'comprender', '', ''),
(700, 'accidente el /aksidente/', '', ''),
(705, 'n/a (naranja)', '', ''),
(751, 'detalle el', '', ''),
(759, 'importante', '', ''),
(779, 'pintor', '', ''),
(806, 'visado el', '', ''),
(818, 'insistir', '', ''),
(821, 'panorama el', '', ''),
(826, 'protección la', '', ''),
(832, 'color carne', '', ''),
(840, 'chimenea', '', ''),
(841, 'ira', '', ''),
(842, 'fresa la', '', ''),
(847, 'complot el', '', ''),
(849, 'esencial', '', ''),
(850, 'reunión', '', ''),
(851, 'alergia', '', ''),
(852, 'lenguaje el', '', ''),
(853, 'lengua la', '', ''),
(854, 'maltrato el', '', ''),
(856, 'entre', '', ''),
(858, 'camino el', '', ''),
(859, 'descripción la', '', ''),
(861, 'vano', '', ''),
(862, 'serio', '', ''),
(863, 'describir', '', ''),
(864, 'fácil', '', ''),
(865, 'inútil', '', ''),
(866, 'urgente', '', ''),
(868, 'triste', '', ''),
(869, 'impulso el', '', ''),
(870, 'sutil', '', ''),
(871, 'favor el', '', ''),
(872, 'permiso el', '', ''),
(873, 'batería ', '', ''),
(878, 'comenzar', '', ''),
(879, 'dilema', '', ''),
(880, 'boicot el ?', '', ''),
(881, 'boicotear', '', ''),
(883, 'champiñón', '', ''),
(886, 'crisis la', '', ''),
(891, 'país el ', '', ''),
(892, 'tratar', '', ''),
(893, 'atleta el', '', ''),
(895, 'sentir', '', ''),
(897, 'expansión', '', ''),
(898, 'local', '', ''),
(899, 'isla la', '', ''),
(908, 'carozza la', '', ''),
(909, 'pupila la', '', ''),
(910, 'corona la', '', ''),
(911, 'paleta la', '', ''),
(912, 'botella la', '', ''),
(913, 'estómago ', '', ''),
(914, 'esponja la', '', ''),
(915, 'cópula la', '', ''),
(917, 'iris el', '', ''),
(924, 'palma la', '', ''),
(925, 'cube le', '', ''),
(927, 'pulso el', '', ''),
(933, 'hierba la', '', ''),
(934, 'gota la', '', ''),
(940, 'dios', '', ''),
(944, 'amigo / amiga', '', ''),
(945, 'n/a', '', ''),
(947, 'n/a', '', ''),
(948, 'n/a', '', ''),
(949, 'n/a', '', ''),
(951, 'patas de gallo (rooster feet)', '', ''),
(954, 'n/a', '', ''),
(958, 'casa la', '', ''),
(959, 'agua el', '', ''),
(961, 'n/a', '', ''),
(968, 'parasol el', '', ''),
(992, 'n/a', '', ''),
(999, 'tren el', '', ''),
(1201, 'café ', '', '');

-- --------------------------------------------------------

--
-- Struktura tabeli dla tabeli `swedish`
--

CREATE TABLE `swedish` (
  `Id` int(11) NOT NULL,
  `Text` text NOT NULL,
  `Details` text CHARACTER SET latin1 NOT NULL,
  `Usage` text CHARACTER SET latin1 NOT NULL
) ENGINE=InnoDB DEFAULT CHARSET=utf8;

-- --------------------------------------------------------

--
-- Struktura tabeli dla tabeli `type`
--

CREATE TABLE `type` (
  `Id` int(11) NOT NULL,
  `Name` text NOT NULL,
  `Short` tinytext NOT NULL
) ENGINE=InnoDB DEFAULT CHARSET=latin1;

--
-- Zrzut danych tabeli `type`
--

INSERT INTO `type` (`Id`, `Name`, `Short`) VALUES
(1, 'Noun', 'N'),
(2, 'Verb', 'V'),
(3, 'Adjective', 'Adj'),
(4, 'Adverb', 'Adv'),
(6, 'Pronoun', 'PN'),
(10, 'False friend', 'FF');

-- --------------------------------------------------------

--
-- Struktura tabeli dla tabeli `word`
--

CREATE TABLE `word` (
  `Id` int(11) NOT NULL,
  `TypeId` int(11) DEFAULT NULL,
  `Comment` text NOT NULL,
  `Level` int(11) DEFAULT NULL
) ENGINE=InnoDB DEFAULT CHARSET=utf8;

--
-- Zrzut danych tabeli `word`
--

INSERT INTO `word` (`Id`, `TypeId`, `Comment`, `Level`) VALUES
(1, 3, 'absolutny', 2),
(2, 3, 'banalny or łatwy ', 2),
(3, 3, 'brutalny', 2),
(4, 3, 'debilny or głupi', 2),
(5, 3, 'delikatny', 2),
(6, 3, 'elegancki', 3),
(7, 3, 'dobry', 1),
(8, 3, 'gratulować', 2),
(9, 3, 'inteligentny', 2),
(10, 3, 'intensywny', 2),
(11, 3, 'dziwne or osobliwe', 2),
(12, 3, 'trudny', 1),
(13, 3, 'podwójny', 1),
(14, 3, 'far as in distance', 1),
(15, 3, 'świeży', 1),
(16, 3, 'nowoczesny', 2),
(17, 3, 'krótki', 2),
(18, 3, 'szybki', 2),
(19, 3, 'bogaty', 2),
(20, 3, 'ludzki', 1),
(21, 3, 'normalny', 1),
(22, 3, '', 1),
(23, 3, 'stabilny', 2),
(24, 3, 'super', 1),
(25, 3, 'ochotniczy', 3),
(26, 3, '', 2),
(27, 3, '', 2),
(28, 3, '', 2),
(29, 3, 'nadzwyczajny', 2),
(30, 3, '', 2),
(31, 3, '', 2),
(32, 3, '', 3),
(33, 3, 'spokojny', 1),
(34, 3, '', 3),
(35, 3, 'nieobecny', 2),
(36, 3, '', 2),
(37, 3, '', 2),
(38, 3, 'surowy or rygorystyczny', 2),
(39, 3, '', 2),
(40, 3, 'okropne', 1),
(41, 3, '', 1),
(42, 3, 'skromny', 2),
(43, 3, '', 2),
(44, 3, 'hojny', 2),
(45, 3, '', 1),
(46, 3, '', 2),
(47, 3, 'silny', 1),
(48, 3, 'rzadki', 2),
(49, 3, '', 3),
(50, 3, 'okrutny', 2),
(51, 3, 'możliwe', 1),
(52, 3, '', 1),
(53, 3, '', 3),
(54, 3, '', 2),
(55, 3, 'względny', 2),
(56, 3, '', 3),
(57, 3, '', 2),
(58, 4, 'bierząco or obecnie', 2),
(59, 4, '', 2),
(60, 4, '', 2),
(61, 4, 'dokładnie', 2),
(62, 4, '', 2),
(63, 4, '', 3),
(64, 4, 'bezposrednio', 2),
(65, 1, '', 2),
(66, 1, 'etykieta (zachowanie', 3),
(67, 1, 'żaba', 2),
(68, 1, 'lis', 2),
(69, 1, 'stopa', 1),
(70, 1, 'bóg', 2),
(71, 1, '', 3),
(72, 1, '', 3),
(73, 1, '', 3),
(74, 1, '', 3),
(75, 1, 'aplauz', 3),
(76, 1, 'apteka', 1),
(77, 1, '', 2),
(78, 1, 'atak', 2),
(79, 1, '', 2),
(80, 1, '', 2),
(81, 1, '', 3),
(82, 1, 'mieć character?', 1),
(83, 1, 'tarcza zegarowa', 3),
(84, 1, '', 2),
(85, 1, 'delfin', 2),
(86, 1, 'demon (mityczne stworzenie)', 2),
(87, 1, 'dialekt', 2),
(88, 1, 'diament (minerał)', 2),
(89, 1, '', 2),
(90, 1, '', 3),
(91, 1, 'durszlak (w niem. więcej znaczen)', 3),
(92, 1, 'etykieta (naklejka)', 3),
(93, 1, 'fiasko', 3),
(94, 1, 'mała flota statków', 3),
(95, 1, '', 2),
(96, 1, 'frustracja ', 2),
(97, 1, '', 2),
(98, 1, 'funkcja', 2),
(99, 1, 'piłka nożna', 1),
(100, 1, 'sztuki', 1),
(101, 1, 'gaża or zarobki', 2),
(102, 1, 'gest', 2),
(103, 1, 'antylopa gnu', 3),
(104, 1, 'hotel', 1),
(105, 1, 'intryga', 3),
(106, 1, 'kandydatura nie kandydacja!', 3),
(107, 1, 'pet ', 3),
(108, 1, 'pub or knajpa', 3),
(109, 1, 'kod or szyfr', 2),
(110, 1, 'kolekcja', 1),
(111, 1, 'kolor', 1),
(112, 1, '', 2),
(113, 1, '', 3),
(114, 1, 'kontener (śmieci)', 3),
(115, 1, 'kostium (po francusku także garnitur)', 2),
(116, 1, 'rzeczy or klamoty', 3),
(117, 1, 'krawat', 2),
(118, 1, '', 2),
(119, 1, '', 3),
(120, 1, '', 3),
(121, 1, 'zasłona', 2),
(122, 1, 'legenda', 2),
(123, 1, '', 2),
(124, 1, '', 3),
(125, 1, 'meble / furniture', 1),
(126, 1, 'mikrofon', 2),
(127, 1, 'mina (wyraz twarzy)', 2),
(128, 1, 'strach', 2),
(129, 1, 'jabłko', 1),
(130, 1, 'morela', 3),
(131, 1, 'odpowiednik', 3),
(132, 1, 'smok', 2),
(133, 1, 'góra lodowa', 3),
(134, 1, 'słoń', 3),
(135, 1, 'anioł', 2),
(136, 1, 'wycieczka', 3),
(138, 1, 'mięso or ciało', 2),
(139, 1, 'ręka (germańskie)', 1),
(140, 1, 'mleko', 1),
(141, 1, 'potwór', 2),
(142, 1, 'powódź', 3),
(143, 1, 'kwiatek', 1),
(144, 1, 'księżyc (romański)', 1),
(145, 1, 'ręka (romański)', 1),
(146, 1, 'komputer (niemiędzynarodowy)', 1),
(147, 1, 'cierpliwość', 2),
(148, 1, 'apteka', 1),
(149, 1, 'stopa', 1),
(150, 1, 'trucizna', 2),
(151, 1, '', 2),
(152, 1, '', 3),
(153, 1, 'wielkanoc', 2),
(154, 1, 'rój', 3),
(155, 1, 'papieros', 1),
(156, 1, 'wyjątek', 2),
(157, 1, 'noc', 1),
(159, 1, 'nos', 1),
(160, 1, 'obiekt', 1),
(161, 1, '', 2),
(162, 1, 'owacja', 3),
(163, 1, 'parlament', 1),
(164, 1, 'ojciec', 1),
(165, 1, '', 3),
(166, 1, 'personel', 2),
(167, 1, 'planeta', 1),
(168, 1, '', 2),
(169, 1, '', 2),
(170, 1, '', 2),
(171, 1, '', 2),
(172, 1, 'szacunek', 2),
(173, 1, 'rubin (minerał)', 2),
(174, 1, 'sekret', 2),
(175, 1, 'sezon (tv?)', 1),
(176, 1, '', 2),
(177, 1, 'start or początek', 1),
(178, 1, 'strajk (bunt)', 2),
(179, 1, 'subwoofer*', 3),
(180, 1, '', 2),
(181, 1, '', 2),
(182, 1, 'sztorm (na morzu)', 2),
(183, 1, 'zmiana', 2),
(184, 1, 'tabela', NULL),
(185, 1, 'drużyna (zapożyczone na siłę)', 2),
(186, 1, 'tragedia', 2),
(187, 1, 'tunel', NULL),
(188, 1, '', NULL),
(189, 1, 'uwertura (muzyka)', 3),
(190, 1, 'walizka or bagaż', 3),
(191, 1, 'wartość', 2),
(192, 1, 'winkiel or róg (za winklem)', NULL),
(193, 1, 'wino', 1),
(194, 1, 'wolontariusz or ochotnik', 3),
(195, 1, 'wrak', 3),
(196, 1, '', 2),
(197, 1, 'zodiak', 3),
(198, 1, 'zoo', 2),
(199, 1, '', 3),
(200, 1, 'pojedynek', NULL),
(201, 1, '', NULL),
(202, 1, 'also adjective', NULL),
(203, 1, '', NULL),
(204, 1, '', NULL),
(205, 1, 'moc or siła', NULL),
(206, 1, 'niedźwiedź', 2),
(207, 1, '', NULL),
(208, 1, '', NULL),
(209, 1, '', 2),
(210, 1, 'zwycięstwo', 1),
(211, 1, 'poziom', NULL),
(212, 1, '', 1),
(213, 1, '', 2),
(214, 1, '', 2),
(215, 1, 'kosmos or przestrzeń', 1),
(216, 1, 'ubóstwo', 2),
(217, 1, 'lady', NULL),
(218, 7, '', 1),
(219, 1, '', 3),
(220, 7, '', 1),
(221, 2, 'wypełniać or napełniać', 2),
(222, 2, 'koncentrować', NULL),
(223, 2, 'opuszczanie na linie', 3),
(224, 2, 'stawać', NULL),
(225, 2, 'głosować', 2),
(226, 2, 'dusić', NULL),
(227, 2, 'szczać', 3),
(228, 2, 'niszczyć', 2),
(229, 2, 'szydzić', 2),
(230, 2, 'przedstawiać or prezentować', 2),
(231, 2, 'szanować', 2),
(232, 2, 'strajkować', 2),
(233, 2, 'odwiedzać', 2),
(234, 2, '', 2),
(235, 2, '', 2),
(236, 2, 'zmuszać', 2),
(237, 2, 'serfować', 2),
(238, 2, '', 3),
(239, 2, '', 2),
(240, 1, '', 2),
(241, 1, 'popiół', 3),
(242, 1, 'las', NULL),
(243, 3, 'wolny', 1),
(244, 1, 'mróz', NULL),
(245, 1, 'szkło or szklanka', NULL),
(246, 1, 'stopień', NULL),
(247, 1, 'trawa', NULL),
(248, 3, 'szary', NULL),
(249, 1, 'grymas', NULL),
(250, 1, '', NULL),
(251, 1, 'rok', 1),
(252, 1, 'praca', NULL),
(253, 3, '', 1),
(254, 1, 'wrona', 2),
(255, 3, 'długi', NULL),
(256, 2, 'lizac', NULL),
(257, 1, 'grzywa', 3),
(258, 1, 'ksiezyc', 1),
(259, 1, 'mięsień', NULL),
(260, 1, 'znak', 1),
(261, 1, 'czołg (militaria)', NULL),
(262, 1, '', NULL),
(263, 1, 'wujek', 1),
(264, 1, 'jakość', 2),
(265, 1, 'kruk', 2),
(266, 1, '', 2),
(267, 1, 'szczur', 2),
(268, 1, '', NULL),
(269, 3, 'prawy', 1),
(270, 2, 'pływać', 1),
(271, 1, 'pieczęć', NULL),
(272, 1, 'drużyna', 1),
(273, 1, 'afront obraza', 3),
(274, 1, '', 2),
(275, 3, 'akywny', 1),
(276, 1, '', 2),
(277, 1, '', 1),
(278, 3, 'amerykański', 1),
(279, 1, 'miłość', 1),
(280, 1, '', 2),
(281, 1, '', 2),
(282, 3, 'angielski (język)', 1),
(283, 1, '', NULL),
(284, 1, '', NULL),
(285, 1, '', 2),
(286, 1, '', NULL),
(287, 1, 'samochód', 1),
(288, 1, 'autobiografia', NULL),
(289, 1, 'zeglarstwo', NULL),
(290, 1, '', 2),
(291, 1, 'banda or szajka', NULL),
(292, 1, 'bank (finanse)', NULL),
(293, 1, '', NULL),
(294, 3, 'kolor beżowy', NULL),
(295, 1, '', NULL),
(296, 1, '', NULL),
(297, 1, 'biuro', NULL),
(298, 1, '', 3),
(299, 1, '', 2),
(300, 1, '', 3),
(301, 1, '', 3),
(302, 1, '', 2),
(303, 1, '', 3),
(304, 1, '', 3),
(305, 1, '', 2),
(306, 1, '', 3),
(307, 1, 'cyfra', 2),
(308, 1, '', 2),
(309, 1, '', 3),
(311, 1, '', 2),
(312, 1, 'cytryna', 2),
(313, 1, '', 3),
(314, 1, '', NULL),
(315, 1, 'diabeł', 2),
(316, 1, '', NULL),
(317, 1, '', NULL),
(319, 1, 'odległość', 2),
(320, 1, 'dżem', 3),
(321, 1, 'efekt', NULL),
(322, 1, '', 1),
(323, 2, 'istnieć', NULL),
(324, 1, 'ekipa', 2),
(325, 1, '', 2),
(326, 1, 'podniecienie', 3),
(327, 1, '', 2),
(328, 2, 'emanować', 3),
(329, 1, 'emocja or uczucie', 2),
(330, 1, '', 2),
(331, 1, '', 3),
(332, 7, '', 1),
(333, 1, 'fabryka', NULL),
(334, 1, 'rodzina', NULL),
(335, 1, '', 2),
(336, 1, '', 3),
(337, 1, 'farba or barwa', NULL),
(338, 1, 'fasada (architektura)', NULL),
(339, 1, '', 2),
(340, 1, 'faza or etap', NULL),
(341, 1, 'usterka', NULL),
(342, 3, 'mocny silny', NULL),
(343, 1, '', 2),
(344, 1, '', 1),
(345, 1, 'forma or kształt', 2),
(346, 1, 'fosa', 3),
(347, 1, 'fotel', 2),
(348, 1, 'fotografia', 2),
(349, 1, 'fotograf (zawód)', 1),
(350, 1, '', 1),
(351, 1, 'owoc or frukt (przestarzałe)', 2),
(352, 1, 'faux-pas', 3),
(353, 1, '', 3),
(354, 1, '', 2),
(355, 1, '', NULL),
(356, 1, '', NULL),
(357, 1, '', NULL),
(358, 1, 'pokolenie', NULL),
(359, 1, '', NULL),
(360, 1, '', NULL),
(361, 1, '', NULL),
(362, 1, 'grosz', NULL),
(363, 1, '', NULL),
(364, 1, 'grupa', NULL),
(365, 1, 'grypa', NULL),
(366, 1, '', NULL),
(367, 1, '', NULL),
(368, 1, 'włosy', NULL),
(369, 1, '', 2),
(370, 1, 'hipnoza', 3),
(371, 1, 'pomysł', 2),
(372, 1, '', 2),
(373, 1, 'idiota', 2),
(374, 1, 'iluzja', 2),
(375, 1, 'wyobraznia', 2),
(376, 1, '', NULL),
(377, 1, '', NULL),
(378, 1, '', 2),
(379, 1, '', NULL),
(380, 3, '', NULL),
(381, 2, '', 2),
(382, 1, '', NULL),
(383, 7, '', 2),
(384, 1, '', 2),
(385, 1, 'jubiler', NULL),
(386, 1, 'kabel', NULL),
(387, 1, 'kabinet (polityczny)', 3),
(388, 1, 'kalendarz', 1),
(389, 1, '', NULL),
(390, 1, '', NULL),
(391, 1, '', 2),
(392, 1, '', NULL),
(393, 1, 'karnawał', NULL),
(394, 1, 'ziemniak', 1),
(395, 1, 'obozowanie', 2),
(396, 1, '', NULL),
(397, 1, '', NULL),
(398, 1, 'banda or szajka', NULL),
(399, 1, 'klimat', 2),
(400, 1, '', 3),
(401, 1, 'klub', 2),
(402, 1, 'kot', 1),
(403, 1, '', 1),
(404, 3, '', NULL),
(405, 1, '', 2),
(406, 1, '', 2),
(407, 1, 'komputer', 1),
(408, 1, '', NULL),
(409, 1, '', NULL),
(410, 1, '', NULL),
(411, 1, 'akcent', NULL),
(412, 1, 'konsekwencja or następstwo', NULL),
(413, 1, '', NULL),
(414, 1, '', 2),
(415, 2, 'współpracować', NULL),
(416, 1, 'koszmar (z francuskiego)', NULL),
(417, 1, '', 2),
(418, 1, 'krokodyl', NULL),
(419, 1, 'kryminalista', 2),
(420, 1, '', 2),
(421, 1, 'sztuka', 2),
(422, 1, '', NULL),
(423, 1, 'leksykon', 2),
(424, 1, 'lew (zwierzę)', NULL),
(425, 1, 'liga', NULL),
(426, 1, 'litera', NULL),
(427, 1, '', 2),
(428, 1, 'malarz', NULL),
(429, 1, '', 3),
(430, 1, '', NULL),
(431, 1, 'mecz', 2),
(432, 1, 'metal', 2),
(433, 1, '', NULL),
(434, 1, 'miesiąc', NULL),
(435, 1, 'mina / kopalnia', NULL),
(436, 1, 'minuta', 1),
(437, 1, 'miód', 2),
(438, 1, 'motor', NULL),
(439, 1, 'mucha (owad)', NULL),
(440, 1, '', NULL),
(441, 1, '', 2),
(442, 1, '', NULL),
(443, 1, 'zwierzę', 1),
(444, 1, 'węgoż', NULL),
(445, 1, 'przygoda', 2),
(446, 1, 'przymiotnik', 1),
(447, 1, 'ramię!', NULL),
(448, 1, 'piłka', NULL),
(449, 1, 'więź or opaska', 2),
(450, 1, 'brzeg', NULL),
(451, 1, 'niedźwiedź', 2),
(452, 1, 'łóżko', 1),
(453, 1, 'piwo', NULL),
(454, 3, 'niebieski', 1),
(455, 1, 'książka', 1),
(456, 1, 'byk (zwierzę)', 2),
(457, 1, 'autobus', 1),
(458, 1, 'masło', 1),
(459, 1, 'obóz', 2),
(460, 1, '', NULL),
(461, 3, 'bezpośrednio', NULL),
(462, 1, ' -||- same as above', NULL),
(463, 3, 'poważny or szczery', NULL),
(464, 1, 'pióro', NULL),
(465, 1, 'wróg', NULL),
(466, 1, '', NULL),
(467, 1, 'ryba', NULL),
(468, 1, 'przyjaciel', 1),
(469, 1, 'złoto', NULL),
(470, 1, 'miód', NULL),
(471, 1, 'przemysł', NULL),
(472, 1, 'klejnot', NULL),
(473, 1, 'miesiąc', 1),
(474, 1, 'nastawienie or podejście', 2),
(475, 1, 'witaj or witam', NULL),
(476, 1, 'przypadek', NULL),
(477, 1, 'sprawa', NULL),
(478, 1, 'popioły', 3),
(479, 1, 'niebo', NULL),
(480, 1, 'słownik', 1),
(481, 1, 'wysiłek or staranie', NULL),
(482, 1, 'nuda', 3),
(483, 1, '', NULL),
(484, 1, 'książka', NULL),
(485, 3, '', NULL),
(486, 1, 'lustro', 1),
(487, 1, 'świat', 1),
(488, 1, 'śmierć', 2),
(489, 1, 'pióro', 2),
(490, 1, '', 3),
(491, 1, '', 2),
(492, 1, 'burza', 3),
(493, 3, 'nieśmiały', 3),
(494, 1, 'byk (zwierzę)', 3),
(495, 1, 'rower', 1),
(496, 1, 'żądza', 2),
(497, 1, 'różnica', 1),
(498, 2, 'pragnąć or pożądać', 2),
(499, 3, 'biedny or nieszczęsny', 2),
(500, 1, 'pytanie', NULL),
(501, 1, 'spokój', NULL),
(502, 1, 'zwycięstwo', 2),
(503, 3, '', NULL),
(504, 1, '', NULL),
(505, 3, 'dojrzały', NULL),
(506, 1, 'pierścień', NULL),
(507, 1, 'rolka?', NULL),
(508, 1, 'piasek', NULL),
(509, 1, 'morze', NULL),
(510, 1, 'dusza', NULL),
(511, 1, 'narty', NULL),
(512, 1, 'rzeźba', NULL),
(513, 1, 'skarpeta', NULL),
(514, 1, 'podeszwa or zelówka', NULL),
(515, 1, 'żołnierz', 3),
(516, 1, 'lato', 1),
(517, 2, 'gapić się', NULL),
(518, 1, 'kamień', NULL),
(519, 1, 'gwiazda', 2),
(520, 2, 'śmierdzieć', NULL),
(521, 1, 'tytoń', NULL),
(522, 1, 'ciotka', 1),
(523, 1, 'herbata', 1),
(524, 1, 'czasownik', 1),
(525, 1, 'towar', 2),
(526, 3, 'ciepły', 1),
(527, 2, 'ostrzegać', 2),
(528, 1, 'waga', 1),
(529, 1, 'wiatr', 1),
(530, 1, 'obszar', 2),
(531, 3, 'wesoły', 2),
(532, 3, 'zazdrosny', 2),
(533, 1, 'służba', 2),
(534, 1, '', NULL),
(535, 3, '', 2),
(536, 1, '', NULL),
(537, 1, '', NULL),
(538, 1, 'oberża (z francuskiego)', NULL),
(539, 1, 'ocean', NULL),
(540, 1, '', 2),
(541, 1, '', 2),
(542, 1, 'ogórek', 1),
(543, 1, '', 2),
(544, 1, '', 1),
(545, 1, '', 2),
(546, 1, 'operacja (med)', 2),
(547, 1, '', 2),
(548, 1, '', 3),
(549, 1, '', 2),
(550, 1, '', NULL),
(551, 1, '', 3),
(552, 1, '', NULL),
(553, 1, 'pałac', 2),
(554, 1, '', 2),
(555, 1, '', 1),
(556, 1, '', 1),
(557, 1, '', 1),
(558, 1, '', 1),
(559, 1, '', 3),
(560, 1, '', 3),
(561, 1, '', 1),
(562, 1, '', 3),
(563, 1, '', 3),
(564, 5, 'per capita etc.', 2),
(565, 1, '', 2),
(566, 1, '', 3),
(567, 1, '', 3),
(568, 1, '', 2),
(569, 1, '', 2),
(570, 1, '', 2),
(571, 1, '', 2),
(572, 1, '', NULL),
(573, 1, '', NULL),
(574, 1, '', 2),
(575, 1, '', 2),
(576, 1, 'ludność', 2),
(577, 3, '', 2),
(578, 1, 'na skorze', 3),
(579, 1, '', NULL),
(580, 1, 'preferować', 2),
(581, 1, 'oprogramowanie', 2),
(582, 1, 'projekt', 1),
(583, 1, 'prototyp', 1),
(584, 1, '', 1),
(585, 1, 'radio', 1),
(586, 1, 'rakieta tenisowa', 2),
(587, 1, '', 2),
(588, 2, '', NULL),
(589, 1, '', NULL),
(590, 1, '', NULL),
(591, 1, '', 2),
(592, 1, 'regał', NULL),
(593, 1, '', NULL),
(594, 1, '', NULL),
(595, 1, '', 2),
(596, 1, '', 3),
(597, 1, 'rekord ', 2),
(598, 1, '', NULL),
(599, 1, '', NULL),
(600, 1, 'republika', NULL),
(601, 2, '', NULL),
(602, 1, 'rezultat', NULL),
(603, 1, 'muzyka', NULL),
(604, 1, '', 3),
(605, 1, '', NULL),
(606, 1, '', 3),
(607, 1, 'rytm', 2),
(608, 1, '', NULL),
(609, 1, '', 2),
(610, 2, '', 2),
(611, 1, 'ryż', 1),
(612, 1, '', 2),
(613, 1, '', 3),
(614, 1, '', 1),
(615, 1, 'saszetka (francuski)', NULL),
(616, 1, '', NULL),
(617, 1, '', NULL),
(618, 1, 'sekunda', NULL),
(619, 1, '', NULL),
(620, 1, '', NULL),
(621, 1, '', NULL),
(622, 1, 'cześć or powitanie', NULL),
(623, 3, '', NULL),
(624, 2, '', 2),
(625, 1, 'skecz - komiczny i jako rysunek?', 2),
(626, 1, 'słońce', 1),
(627, 3, '', 2),
(628, 1, 'sofa', 1),
(629, 1, '', 1),
(630, 2, '', 1),
(631, 1, 'sperma', 2),
(632, 1, '', 3),
(633, 2, '', 3),
(634, 3, 'sporadycznie', 3),
(635, 1, '', 2),
(636, 1, 'stadion', 2),
(637, 1, 'stal', 2),
(638, 1, '', 1),
(639, 1, 'statystyka', 2),
(640, 1, '', 2),
(641, 1, '', 1),
(642, 1, '', 1),
(643, 1, '', 2),
(644, 1, 'symbol', 2),
(645, 1, 'sytuacja', 1),
(646, 1, 'szantaż', NULL),
(647, 1, 'szef or wódz', NULL),
(648, 2, 'Schlacht - bitwa', 3),
(649, 1, 'przebój', NULL),
(650, 2, '', 3),
(651, 1, '', NULL),
(652, 1, 'szuflada', NULL),
(653, 1, 'szwagier', 3),
(654, 1, 'szwindel or oszustwo', NULL),
(655, 1, 'szyfr', 2),
(656, 1, 'znak szyld ', NULL),
(657, 1, 'talent', NULL),
(658, 2, '', NULL),
(659, 1, 'tekst', 1),
(660, 1, 'tenis (gra)', 2),
(661, 1, '', 2),
(662, 1, 'toaleta', NULL),
(663, 1, 'ton or dźwięk', 3),
(664, 1, 'waga', 2),
(665, 1, '', 3),
(666, 3, '', NULL),
(667, 1, '', NULL),
(668, 3, '', 3),
(669, 1, '', NULL),
(670, 1, '', 3),
(671, 1, 'waga', NULL),
(672, 1, 'wampir', 3),
(673, 1, 'wata', NULL),
(674, 1, '', 3),
(675, 1, 'wizyta or odwiedziny', 2),
(676, 1, 'zero (cyfra)', 1),
(677, 1, '', 3),
(678, 1, '', 2),
(679, 3, '', NULL),
(680, 1, 'zupa', NULL),
(681, 1, '', NULL),
(682, 1, 'krzak?', NULL),
(683, 1, '', NULL),
(684, 1, 'powódź', NULL),
(685, 4, 'tutaj', 1),
(686, 1, 'kopyto', NULL),
(687, 3, '', NULL),
(688, 1, '', NULL),
(689, 3, '', 2),
(690, 1, '', NULL),
(691, 2, '', 3),
(692, 1, '', NULL),
(693, 1, '', NULL),
(694, 1, '', NULL),
(695, 1, 'płaszcz', 3),
(696, 1, '', NULL),
(697, 1, '', NULL),
(698, 2, '', NULL),
(699, 1, '', 3),
(700, 1, '', 1),
(701, 1, 'wartość', 2),
(702, 1, '', NULL),
(703, 1, '', NULL),
(704, 1, '', NULL),
(705, 1, 'pomarańcza', 1),
(706, 1, 'wschód', NULL),
(707, 1, '', NULL),
(708, 1, '', NULL),
(709, 1, '', NULL),
(710, 3, '', NULL),
(711, 1, '', NULL),
(712, 1, '', NULL),
(713, 1, '', NULL),
(714, 1, 'plecak', NULL),
(715, 3, 'okragly', 1),
(716, 1, 'siodło', 3),
(717, 1, '', 2),
(718, 1, '', NULL),
(719, 1, 'ołtarz', NULL),
(720, 1, 'łabędź', 3),
(721, 1, 'strona', NULL),
(722, 1, '', 1),
(723, 1, '', NULL),
(724, 1, 'widok', NULL),
(725, 1, '', 1),
(726, 3, '', 3),
(728, 2, '', NULL),
(729, 3, 'skrócony', 3),
(730, 1, '', 1),
(731, 2, 'pomagać', 2),
(732, 1, '', 3),
(733, 3, '', 2),
(734, 2, '', NULL),
(735, 1, '', NULL),
(736, 1, '', NULL),
(737, 1, 'krawędź', 2),
(738, 1, '', 3),
(739, 3, '', NULL),
(740, 3, '', NULL),
(741, 1, '', 2),
(742, 4, '', 2),
(743, 1, '', NULL),
(744, 4, '', 2),
(745, 2, '', NULL),
(746, 1, '', NULL),
(747, 1, '', NULL),
(748, 3, '', NULL),
(749, 2, '', NULL),
(750, 1, '', NULL),
(751, 1, '', 2),
(752, 2, '', NULL),
(753, 3, '', NULL),
(754, 1, '', NULL),
(755, 1, '', NULL),
(756, 3, 'szczery', NULL),
(757, 1, '', NULL),
(758, 3, '', NULL),
(759, 3, '', NULL),
(760, 1, '', 2),
(761, 3, '', NULL),
(762, 1, '', NULL),
(763, 1, 'wynalazek', NULL),
(764, 3, '', NULL),
(765, 1, '', NULL),
(766, 3, 'sprawiedliwy', NULL),
(767, 1, '', NULL),
(768, 3, '', NULL),
(769, 3, '', NULL),
(770, 1, '', NULL),
(771, 3, '', NULL),
(772, 3, '', NULL),
(773, 1, '', NULL),
(774, 1, '', NULL),
(775, 3, '', NULL),
(776, 2, '', NULL),
(777, 3, '', NULL),
(778, 4, '', 3),
(779, 1, 'malarz', NULL),
(780, 1, '', NULL),
(781, 3, '', NULL),
(782, 1, '', NULL),
(783, 1, '', NULL),
(784, 1, '', NULL),
(785, 1, '', 2),
(786, 4, 'prawdopodobnie', 2),
(787, 1, 'przychód or zysk', 2),
(788, 1, 'postep', 2),
(789, 1, 'obietnica', 2),
(790, 1, '', 3),
(791, 1, '', 2),
(792, 2, '', NULL),
(793, 2, '', NULL),
(794, 2, '', NULL),
(795, 1, '', NULL),
(796, 2, '', NULL),
(797, 1, '', NULL),
(798, 2, '', NULL),
(799, 3, '', NULL),
(800, 4, '', 2),
(801, 1, 'temat', 1),
(802, 1, 'podejrzany', 2),
(803, 1, 'świątynia', 3),
(804, 1, '', 2),
(805, 1, '', 2),
(806, 1, '', 2),
(807, 3, '', 2),
(808, 2, '', 2),
(809, 1, '', 3),
(810, 1, '', 3),
(811, 1, '', 2),
(812, 3, '', 3),
(813, 1, '', 2),
(814, 1, 'niebezpieczenstwo', 2),
(815, 1, '', 2),
(816, 1, '', 3),
(817, 1, '', 3),
(818, 2, 'nalegac', 2),
(819, 1, '', 3),
(820, 1, '', 2),
(821, 1, '', 3),
(822, 1, '', NULL),
(823, 1, '', NULL),
(824, 2, '', NULL),
(825, 3, '', NULL),
(826, 1, '', 2),
(827, 1, '', NULL),
(828, 3, 'madry', 3),
(829, 3, '', NULL),
(830, 1, '', 2),
(832, 1, 'karnacja', 3),
(833, 1, '', 3),
(834, 1, '', 3),
(835, 1, '', 3),
(836, 3, '', 3),
(837, 1, '', 3),
(838, 4, '', 2),
(840, 1, '', NULL),
(841, 1, 'gniew', NULL),
(842, 1, 'truskawka', 2),
(843, 2, 'zalowac', 2),
(844, 3, 'śmiertelny', NULL),
(845, 1, '', 3),
(846, 1, '', NULL),
(847, 1, 'konspiracja', NULL),
(848, 1, '', NULL),
(849, 1, '', 2),
(850, 1, 'spotkanie', NULL),
(851, 1, '', 2),
(852, 1, 'jezyk (mowa)', 1),
(853, 1, 'język/tongue', 1),
(854, 1, '', 3),
(855, 1, '', 3),
(856, 5, 'pomiędzy', 1),
(858, 1, 'droga', 1),
(859, 1, 'opis', 2),
(861, 3, '', 3),
(862, 3, '', NULL),
(863, 2, '', NULL),
(864, 3, 'latwy', 1),
(865, 3, 'bezuzyteczny', 2),
(866, 3, '', NULL),
(867, 1, '', 1),
(868, 3, 'smutny', 1),
(869, 1, '', NULL),
(870, 3, '', 2),
(871, 1, '', 3),
(872, 1, '', NULL),
(873, 1, '', 2),
(874, 1, '', 1),
(875, 1, '', 2),
(877, 1, '', 3),
(878, 2, 'zaczynac', 2),
(879, 1, '', 3),
(880, 1, '', 3),
(881, 2, '', 3),
(882, 1, '', 3),
(883, 1, 'grzyb (pieczarka', 2),
(884, 1, '', 2),
(886, 1, '', 2),
(888, 1, '', NULL),
(891, 1, 'kraj', NULL),
(892, 2, '', NULL),
(893, 1, '', NULL),
(895, 2, '', NULL),
(897, 1, '', 2),
(898, 3, '', 2),
(899, 1, '', 2),
(900, 1, '', 3),
(901, NULL, '', NULL),
(903, 1, '', 3),
(905, 1, '', 2),
(906, 1, '', 3),
(907, 1, '', 3),
(908, 1, '', 3),
(909, 1, 'zrenica', 3),
(910, 1, '', 2),
(911, 1, '', 2),
(912, 1, '', 1),
(913, 1, '', 2),
(914, 1, '', 2),
(915, 1, '', 2),
(916, 1, '', 2),
(917, 1, '', 2),
(919, 1, '', 3),
(920, 3, 'twardy', 1),
(921, 1, '', 2),
(922, 1, '', 2),
(923, 1, '', 1),
(924, 1, '', 2),
(925, 1, 'szescian', 2),
(926, 1, '', 3),
(927, 1, 'medycyna', 2),
(928, 1, '', 1),
(929, 1, '', 1),
(930, 1, '', 2),
(931, 1, '', 2),
(932, 1, 'lucznik', 3),
(933, 1, '', NULL),
(934, 1, 'kropla', 2),
(935, 1, '', 2),
(936, 1, 'nuta w muzyce', 2),
(937, 1, '', 3),
(938, 1, '', 1),
(939, 1, '', 3),
(940, 1, 'god', 1),
(941, 1, '', 1),
(942, 7, '', 1),
(943, 1, '', 1),
(944, 1, 'przyjaciel', 1),
(945, 1, 'abażur', 3),
(946, 1, 'dlugopis', 1),
(947, 6, 'ja', 1),
(948, 6, 'ty', 1),
(949, 4, 'gdzie', 1),
(950, 1, 'ksiaze', 2),
(951, 9, '', 3),
(952, 10, 'false friend', 3),
(953, 1, 'legenda', 3),
(954, 1, 'herbata', 1),
(955, 10, 'false friend', 2),
(956, NULL, 'ros dłoń', 3),
(957, NULL, '', NULL),
(958, 1, 'dom', 1),
(959, 1, 'woda', 1),
(960, 1, '', 1),
(961, 1, '', 1),
(962, 1, 'myszka', 1),
(963, 1, 'klawiatura', 1),
(964, 1, '', 3),
(965, 1, '', 3),
(966, 1, '', 1),
(967, 1, '', 1),
(968, 10, 'false friend', 1),
(990, 1, 'poczta elektroniczna', 1),
(991, NULL, '', NULL),
(992, 1, '', 2),
(993, NULL, '', NULL),
(994, 2, '', 1),
(995, 2, '', 1),
(997, 2, 'rezerwowac', 1),
(998, 1, 'woda', 1),
(999, 1, 'pociąg', 1),
(1000, 6, 'wy', 1),
(1001, 1, 'warsztaty lub zajecia', 2),
(1002, 1, 'prasa', 2),
(1003, 1, '', 2),
(1004, 1, '', NULL),
(1005, 1, '', 2),
(1006, 1, '', 2),
(1007, 3, 'nowy', 1),
(1200, 1, 'IT', NULL),
(1201, 1, 'coffee', 0),
(1202, NULL, '', NULL),
(1203, NULL, '', NULL),
(1204, NULL, '', NULL),
(1205, NULL, '', NULL),
(1206, NULL, '', NULL),
(1207, NULL, '', NULL),
(1208, NULL, '', NULL),
(1209, NULL, '', NULL),
(1210, NULL, '', NULL),
(1211, NULL, '', NULL),
(1212, NULL, '', NULL),
(1213, NULL, '', NULL),
(1214, NULL, '', NULL),
(1215, 0, '', NULL),
(1216, 0, '', NULL),
(1217, 0, '', NULL),
(1218, 0, '', NULL),
(1219, 0, '', NULL),
(1220, 0, '', NULL),
(1221, 0, '', NULL),
(1222, 0, '', NULL),
(1223, 0, '', NULL),
(1224, 0, '', NULL),
(1225, 0, '', NULL),
(1226, 0, '', NULL),
(1227, 0, '', NULL);

-- --------------------------------------------------------

--
-- Struktura tabeli dla tabeli `word_category`
--

CREATE TABLE `word_category` (
  `WordId` int(11) NOT NULL,
  `CategoryId` int(11) NOT NULL
) ENGINE=InnoDB DEFAULT CHARSET=utf8;

--
-- Indeksy dla zrzutów tabel
--

--
-- Indexes for table `category`
--
ALTER TABLE `category`
  ADD UNIQUE KEY `Id` (`Id`);

--
-- Indexes for table `croatian`
--
ALTER TABLE `croatian`
  ADD UNIQUE KEY `Id` (`Id`);

--
-- Indexes for table `czech`
--
ALTER TABLE `czech`
  ADD UNIQUE KEY `Id` (`Id`),
  ADD KEY `Id_2` (`Id`);

--
-- Indexes for table `dutch`
--
ALTER TABLE `dutch`
  ADD UNIQUE KEY `Id` (`Id`),
  ADD UNIQUE KEY `Id_2` (`Id`);

--
-- Indexes for table `english`
--
ALTER TABLE `english`
  ADD UNIQUE KEY `Id` (`Id`);

--
-- Indexes for table `french`
--
ALTER TABLE `french`
  ADD UNIQUE KEY `Id` (`Id`);

--
-- Indexes for table `german`
--
ALTER TABLE `german`
  ADD UNIQUE KEY `id` (`Id`);

--
-- Indexes for table `korean`
--
ALTER TABLE `korean`
  ADD UNIQUE KEY `Id` (`Id`);

--
-- Indexes for table `latin`
--
ALTER TABLE `latin`
  ADD UNIQUE KEY `Id` (`Id`);

--
-- Indexes for table `polish`
--
ALTER TABLE `polish`
  ADD UNIQUE KEY `Id` (`Id`);

--
-- Indexes for table `russian`
--
ALTER TABLE `russian`
  ADD UNIQUE KEY `Id` (`Id`);

--
-- Indexes for table `spanish`
--
ALTER TABLE `spanish`
  ADD UNIQUE KEY `Id` (`Id`);

--
-- Indexes for table `swedish`
--
ALTER TABLE `swedish`
  ADD UNIQUE KEY `Id` (`Id`);

--
-- Indexes for table `type`
--
ALTER TABLE `type`
  ADD PRIMARY KEY (`Id`);

--
-- Indexes for table `word`
--
ALTER TABLE `word`
  ADD PRIMARY KEY (`Id`);

--
-- AUTO_INCREMENT for dumped tables
--

--
-- AUTO_INCREMENT dla tabeli `croatian`
--
ALTER TABLE `croatian`
  MODIFY `Id` int(11) NOT NULL AUTO_INCREMENT, AUTO_INCREMENT=1008;
--
-- AUTO_INCREMENT dla tabeli `word`
--
ALTER TABLE `word`
  MODIFY `Id` int(11) NOT NULL AUTO_INCREMENT, AUTO_INCREMENT=1228;
/*!40101 SET CHARACTER_SET_CLIENT=@OLD_CHARACTER_SET_CLIENT */;
/*!40101 SET CHARACTER_SET_RESULTS=@OLD_CHARACTER_SET_RESULTS */;
/*!40101 SET COLLATION_CONNECTION=@OLD_COLLATION_CONNECTION */;
