-- MySQL dump 10.13  Distrib 5.5.45, for Linux (x86_64)
--
-- Host: localhost    Database: languag5_languages
-- ------------------------------------------------------
-- Server version	5.5.45-cll-lve

/*!40101 SET @OLD_CHARACTER_SET_CLIENT=@@CHARACTER_SET_CLIENT */;
/*!40101 SET @OLD_CHARACTER_SET_RESULTS=@@CHARACTER_SET_RESULTS */;
/*!40101 SET @OLD_COLLATION_CONNECTION=@@COLLATION_CONNECTION */;
/*!40101 SET NAMES utf8 */;
/*!40103 SET @OLD_TIME_ZONE=@@TIME_ZONE */;
/*!40103 SET TIME_ZONE='+00:00' */;
/*!40014 SET @OLD_UNIQUE_CHECKS=@@UNIQUE_CHECKS, UNIQUE_CHECKS=0 */;
/*!40014 SET @OLD_FOREIGN_KEY_CHECKS=@@FOREIGN_KEY_CHECKS, FOREIGN_KEY_CHECKS=0 */;
/*!40101 SET @OLD_SQL_MODE=@@SQL_MODE, SQL_MODE='NO_AUTO_VALUE_ON_ZERO' */;
/*!40111 SET @OLD_SQL_NOTES=@@SQL_NOTES, SQL_NOTES=0 */;

--
-- Table structure for table `category`
--

DROP TABLE IF EXISTS `category`;
/*!40101 SET @saved_cs_client     = @@character_set_client */;
/*!40101 SET character_set_client = utf8 */;
CREATE TABLE `category` (
  `Id` int(5) NOT NULL,
  `Name` text NOT NULL,
  UNIQUE KEY `Id` (`Id`)
) ENGINE=InnoDB DEFAULT CHARSET=utf8;
/*!40101 SET character_set_client = @saved_cs_client */;

--
-- Dumping data for table `category`
--

LOCK TABLES `category` WRITE;
/*!40000 ALTER TABLE `category` DISABLE KEYS */;
/*!40000 ALTER TABLE `category` ENABLE KEYS */;
UNLOCK TABLES;

--
-- Table structure for table `croatian`
--

DROP TABLE IF EXISTS `croatian`;
/*!40101 SET @saved_cs_client     = @@character_set_client */;
/*!40101 SET character_set_client = utf8 */;
CREATE TABLE `croatian` (
  `Id` int(11) NOT NULL AUTO_INCREMENT,
  `Text` text NOT NULL,
  `Details` text CHARACTER SET latin1 NOT NULL,
  `Usage` text CHARACTER SET latin1 NOT NULL,
  UNIQUE KEY `Id` (`Id`)
) ENGINE=InnoDB AUTO_INCREMENT=1008 DEFAULT CHARSET=utf8;
/*!40101 SET character_set_client = @saved_cs_client */;

--
-- Dumping data for table `croatian`
--

LOCK TABLES `croatian` WRITE;
/*!40000 ALTER TABLE `croatian` DISABLE KEYS */;
INSERT INTO `croatian` (`Id`, `Text`, `Details`, `Usage`) VALUES (1,'apsolutan','',''),(685,'n/a','',''),(751,'detalj ?','',''),(940,'n/a','',''),(947,'ja','',''),(948,'ti','',''),(954,'čaj','',''),(959,'n/a','',''),(998,'voda','',''),(1000,'vi','',''),(1003,'plan','',''),(1006,'produkt','',''),(1007,'novi','','');
/*!40000 ALTER TABLE `croatian` ENABLE KEYS */;
UNLOCK TABLES;

--
-- Table structure for table `czech`
--

DROP TABLE IF EXISTS `czech`;
/*!40101 SET @saved_cs_client     = @@character_set_client */;
/*!40101 SET character_set_client = utf8 */;
CREATE TABLE `czech` (
  `Id` int(11) NOT NULL,
  `Text` text NOT NULL,
  `Details` text CHARACTER SET latin1 NOT NULL,
  `Usage` text CHARACTER SET latin1 NOT NULL,
  UNIQUE KEY `Id` (`Id`),
  KEY `Id_2` (`Id`)
) ENGINE=InnoDB DEFAULT CHARSET=utf8;
/*!40101 SET character_set_client = @saved_cs_client */;

--
-- Dumping data for table `czech`
--

LOCK TABLES `czech` WRITE;
/*!40000 ALTER TABLE `czech` DISABLE KEYS */;
INSERT INTO `czech` (`Id`, `Text`, `Details`, `Usage`) VALUES (685,'n/a','',''),(751,'detail ?','',''),(940,'n/a','',''),(947,'já','',''),(948,'ty','',''),(954,'čaj','',''),(998,'voda','',''),(1201,'káva','','');
/*!40000 ALTER TABLE `czech` ENABLE KEYS */;
UNLOCK TABLES;

--
-- Table structure for table `dutch`
--

DROP TABLE IF EXISTS `dutch`;
/*!40101 SET @saved_cs_client     = @@character_set_client */;
/*!40101 SET character_set_client = utf8 */;
CREATE TABLE `dutch` (
  `Id` int(11) NOT NULL,
  `Text` text NOT NULL,
  `Details` text NOT NULL,
  `Usage` text NOT NULL,
  UNIQUE KEY `Id` (`Id`),
  UNIQUE KEY `Id_2` (`Id`)
) ENGINE=InnoDB DEFAULT CHARSET=utf8;
/*!40101 SET character_set_client = @saved_cs_client */;

--
-- Dumping data for table `dutch`
--

LOCK TABLES `dutch` WRITE;
/*!40000 ALTER TABLE `dutch` DISABLE KEYS */;
/*!40000 ALTER TABLE `dutch` ENABLE KEYS */;
UNLOCK TABLES;

--
-- Table structure for table `english`
--

DROP TABLE IF EXISTS `english`;
/*!40101 SET @saved_cs_client     = @@character_set_client */;
/*!40101 SET character_set_client = utf8 */;
CREATE TABLE `english` (
  `Id` int(11) NOT NULL,
  `Text` text NOT NULL,
  `Usage` text CHARACTER SET latin1 NOT NULL,
  `Details` text NOT NULL,
  UNIQUE KEY `Id` (`Id`),
  CONSTRAINT `english_ibfk_1` FOREIGN KEY (`Id`) REFERENCES `word` (`Id`)
) ENGINE=InnoDB DEFAULT CHARSET=utf8;
/*!40101 SET character_set_client = @saved_cs_client */;

--
-- Dumping data for table `english`
--

LOCK TABLES `english` WRITE;
/*!40000 ALTER TABLE `english` DISABLE KEYS */;
INSERT INTO `english` (`Id`, `Text`, `Usage`, `Details`) VALUES (1,'absolute','',''),(2,'banal','',''),(3,'brutal','',''),(4,'n/a','',''),(5,'delicate','',''),(6,'elegant','',''),(7,'good','',''),(8,'congratulate','',''),(9,'intelligent','',''),(10,'intense','',''),(11,'bizarre','',''),(12,'difficult','',''),(13,'double','',''),(14,'far','',''),(15,'fresh','',''),(16,'modern','',''),(17,'brief','',''),(18,'rapid','',''),(19,'rich','',''),(20,'humane','',''),(21,'normal','',''),(22,'complicated','',''),(23,'stable','',''),(24,'super','',''),(25,'voluntary','',''),(26,'aggressive','',''),(27,'amusing','',''),(28,'direct','',''),(29,'exceptional','',''),(30,'polite','',''),(31,'ridiculous','',''),(32,'absurd','',''),(33,'tranquil','',''),(34,'abrupt','',''),(35,'absent','',''),(36,'absolute','',''),(37,'absorbent','',''),(38,'strict','',''),(39,'humble','',''),(40,'horrible','',''),(41,'positive','',''),(42,'modest','',''),(43,'superficial','',''),(44,'generous','',''),(45,'attractive','',''),(46,'energetic','',''),(47,'n/a','',''),(48,'rare','',''),(49,'tremendous','',''),(50,'cruel','',''),(51,'possible','',''),(52,'different','',''),(53,'epic','',''),(54,'official','',''),(55,'relative','',''),(56,'chic','',''),(57,'grave (serious)','',''),(58,'n/a','',''),(59,'brutally','',''),(60,'definitely','',''),(61,'exactly','',''),(62,'punctual','',''),(63,'perfidiously','',''),(64,'directly','',''),(65,'alias','',''),(66,'etiquiette','',''),(67,'frog','',''),(68,'fox','',''),(69,'foot','',''),(70,'god','',''),(71,'abstraction','',''),(72,'abstinence','',''),(73,'abstinent','',''),(74,'admiration','',''),(75,'applause','',''),(76,'apothecary (archaic)','',''),(77,'aspirin','',''),(78,'attack','',''),(79,'base','',''),(80,'n/a (library)','',''),(81,'ceremony','',''),(82,'character','',''),(83,'n/a','',''),(84,'decision','',''),(85,'dolphin','',''),(86,'demon','',''),(87,'dialect','',''),(88,'diamond','',''),(89,'document','',''),(90,'n/a','',''),(91,'n/a (colander)','',''),(92,'n/a','',''),(93,'fiasco','',''),(94,'flotilla','',''),(95,'fragment','',''),(96,'frustration','',''),(97,'n/a','',''),(98,'function','',''),(99,'football','',''),(100,'gallery','',''),(101,'wage','',''),(102,'gesture','',''),(103,'gnu','',''),(104,'hotel','',''),(105,'intrigue','',''),(106,'candidacy','',''),(107,'n/a','',''),(108,'n/a','',''),(109,'code','',''),(110,'collection','',''),(111,'colour / color','',''),(112,'combination','',''),(113,'compromise','',''),(114,'container','',''),(115,'costume','',''),(116,'n/a','',''),(117,'cravat','',''),(118,'creature ','',''),(119,'crucifix ','',''),(120,'crypt','',''),(121,'curtain','',''),(122,'legend','',''),(123,'limit','',''),(124,'n/a (gap)','',''),(125,'n/a','',''),(126,'microphone','',''),(127,'n/a','',''),(128,'anguish','',''),(129,'apple','',''),(130,'apricot','',''),(131,'equivalent','',''),(132,'dragon','',''),(133,'iceberg','',''),(134,'elefant','',''),(135,'angel','',''),(136,'excursion','',''),(138,'flesh (different semantic field)','',''),(139,'hand','',''),(140,'milk','',''),(141,'monster','',''),(142,'deluge','',''),(143,'flower','',''),(144,'n/a','',''),(145,'n/a','',''),(146,'n/a','',''),(147,'patience','',''),(148,'pharmacy','',''),(149,'n/a','',''),(150,'poison','',''),(151,'nephew','',''),(152,'bourgeois','',''),(153,'easter','',''),(154,'swarm','',''),(155,'cigarette','',''),(156,'exception','',''),(157,'night','',''),(159,'nose','',''),(160,'object','',''),(161,'omelet / omelett','',''),(162,'ovation','',''),(163,'parliament','',''),(164,'','',''),(165,'perfidy','',''),(166,'personnel','',''),(167,'planet','',''),(168,'politics','',''),(169,'n/a','',''),(170,'position','',''),(171,'process','',''),(172,'respect','',''),(173,'ruby','',''),(174,'secret','',''),(175,'season','',''),(176,'station','',''),(177,'start','',''),(178,'strike','',''),(179,'subwoofer','',''),(180,'symptom','',''),(181,'skeleton','',''),(182,'storm (in the sea)','',''),(183,'shift','',''),(184,'table','',''),(185,'team','',''),(186,'tragedy','',''),(187,'tunnel ','',''),(188,'tiger','',''),(189,'overture','',''),(190,'valise','',''),(191,'worth','',''),(192,'n/a','',''),(193,'wine','',''),(194,'volunteer','',''),(195,'wreck','',''),(196,'zenith','',''),(197,'zodiac','',''),(198,'zoo','',''),(199,'zigzag','',''),(200,'duel','',''),(201,'concubinage','',''),(202,'singsong','',''),(203,'error','',''),(204,'flame','',''),(205,'force','',''),(206,'n/a','',''),(207,'establishment','',''),(208,'absolute','',''),(209,'abuse','',''),(210,'idol','',''),(211,'n/a','',''),(212,'individual','',''),(213,'defect','',''),(214,'passion','',''),(215,'space','',''),(216,'poverty','',''),(217,'dame','',''),(218,'Spain','',''),(219,'orangutan','',''),(220,'Sweden','',''),(221,'fill','',''),(222,'n/a','',''),(223,'abseil','',''),(224,'halt','',''),(225,'vote','',''),(226,'strangle','',''),(227,'piss','',''),(228,'damage','',''),(229,'mock','',''),(230,'present','',''),(231,'respect','',''),(232,'strike','',''),(233,'visit','',''),(234,'repair','',''),(235,'continue','',''),(236,'force','',''),(237,'surf ','',''),(238,'approach','',''),(239,'abuse','',''),(240,'anxiety','',''),(241,'ash','',''),(242,'forest','',''),(243,'free','',''),(244,'frost','',''),(245,'glass','',''),(246,'grade','',''),(247,'grass','',''),(248,'gray','',''),(249,'grin','',''),(250,'jacket','',''),(251,'year','',''),(252,'job','',''),(253,'young','',''),(254,'crow','',''),(255,'long','',''),(256,'lick','',''),(257,'mane','',''),(258,'moon','',''),(259,'muscle','',''),(260,'sign','',''),(261,'tank','',''),(262,'noodle','',''),(263,'uncle','',''),(264,'quality','',''),(265,'raven','',''),(266,'rest','',''),(267,'rat','',''),(268,'room (place)','',''),(269,'right','',''),(270,'swim','',''),(271,'seal','',''),(272,'team','',''),(273,'affront','',''),(274,'accent','',''),(275,'active','',''),(276,'alpha','',''),(277,'alcohol','',''),(278,'american','',''),(279,'n/a','',''),(280,'anatomy','',''),(281,'anecdote','',''),(282,'english','',''),(283,'n/a ','',''),(284,'archive(s)','',''),(285,'army','',''),(286,'asthma','',''),(287,'auto','',''),(288,'autobiography','',''),(289,'ballast','',''),(290,'bamboo','',''),(291,'band','',''),(292,'bank','',''),(293,'base','',''),(294,'beige','',''),(295,'bible','',''),(296,'biceps','',''),(297,'bureau','',''),(298,'bluff','',''),(299,'bomb','',''),(300,'brochure','',''),(301,'brothel','',''),(302,'n/a','',''),(303,'certificate','',''),(304,'n/a (rein)','',''),(305,'sugar','',''),(306,'zucchini','',''),(307,'n/a (digit)','',''),(308,'cigar','',''),(309,'zinc','',''),(311,'circus','',''),(312,'n/a','',''),(313,'delinquent','',''),(314,'detonation','',''),(315,'devil','',''),(316,'doctor','',''),(317,'dilemma','',''),(319,'distance','',''),(320,'jam','',''),(321,'effect','',''),(322,'exam','',''),(323,'exist','',''),(324,'n/a (team or crew)','',''),(325,'n/a','',''),(326,'excitement / excitation','',''),(327,'explosion','',''),(328,'emanate','',''),(329,'emotion','',''),(330,'episode','',''),(331,'aesthetics (estheticks)','',''),(332,'Europe','',''),(333,'n/a (factory)','',''),(334,'family','',''),(335,'fan','',''),(336,'phantom','',''),(337,'n/a','',''),(338,'facade','',''),(339,'fax','',''),(340,'phase','',''),(341,'failure','',''),(342,'n/a','',''),(343,'fiction','',''),(344,'film','',''),(345,'form','',''),(346,'n/a','',''),(347,'n/a','',''),(348,'photo','',''),(349,'photographer','',''),(350,'photograph','',''),(351,'fruit','',''),(352,'gaffe','',''),(353,'gallop','',''),(354,'gang','',''),(355,'gauze','',''),(356,'gazette (newspaper) !','',''),(357,'geyser','',''),(358,'generation','',''),(359,'guitar ','',''),(360,'grammar','',''),(361,'congratulations','',''),(362,'n/a','',''),(363,'grotto ? (cave or cavern)','',''),(364,'group','',''),(365,'n/a (flu)','',''),(366,'hook','',''),(367,'hammock','',''),(368,'hair','',''),(369,'hyena','',''),(370,'hypnosis','',''),(371,'idea','',''),(372,'idealist','',''),(373,'idiot','',''),(374,'illusion','',''),(375,'imagination','',''),(376,'imbecile','',''),(377,'incident','',''),(378,'infection','',''),(379,'information','',''),(380,'instinctive','',''),(381,'invest','',''),(382,'jeep','',''),(383,'Jesus','',''),(384,'yoghurt','',''),(385,'jeweler','',''),(386,'cable','',''),(387,'cabinet (politics)','',''),(388,'calendar','',''),(389,'chameleon','',''),(390,'channel','',''),(391,'n/a','',''),(392,'canyon','',''),(393,'carnival','',''),(394,'n/a','',''),(395,'camping','',''),(396,'kiosk','',''),(397,'clown','',''),(398,'clique','',''),(399,'climate','',''),(400,'n/a','',''),(401,'club','',''),(402,'cat','',''),(403,'n/a','',''),(404,'colloquial','',''),(405,'comic','',''),(406,'compliment','',''),(407,'computer','',''),(408,'concentration','',''),(409,'concept','',''),(410,'connoiseur','',''),(411,'n/a','',''),(412,'consequence','',''),(413,'contraband','',''),(414,'continent','',''),(415,'cooperate','',''),(416,'n/a','',''),(417,'cream','',''),(418,'crocodile','',''),(419,'criminal','',''),(420,'culture','',''),(421,'n/a','',''),(422,'n/a','',''),(423,'lexicon','',''),(424,'lion','',''),(425,'league','',''),(426,'letter','',''),(427,'n/a','',''),(428,'n/a','',''),(429,'maniac','',''),(430,'marmalade','',''),(431,'match','',''),(432,'metal','',''),(433,'n/a subway','',''),(434,'n/a ?','',''),(435,'mine','',''),(436,'minute','',''),(437,'n/a','',''),(438,'motorbike','',''),(439,'n/a','',''),(440,'museum','',''),(441,'muslim','',''),(442,'music','',''),(443,'animal','',''),(444,'eel','',''),(445,'adventure','',''),(446,'adjective','',''),(447,'arm','',''),(448,'ball','',''),(449,'bond','',''),(450,'bank','',''),(451,'bear','',''),(452,'bed','',''),(453,'beer','',''),(454,'blue','',''),(455,'book','',''),(456,'bull','',''),(457,'bus','',''),(458,'butter','',''),(459,'camp','',''),(460,'dinner','',''),(461,'direct','',''),(462,'ditto','',''),(463,'earnest','',''),(464,'feather','',''),(465,'fiend','',''),(466,'fire','',''),(467,'fish','',''),(468,'friend','',''),(469,'gold','',''),(470,'honey','',''),(471,'industry','',''),(472,'jewel','',''),(473,'month','',''),(474,'attitude','',''),(475,'n/a','',''),(476,'case','',''),(477,'cause','',''),(478,'cinder','',''),(479,'n/a','',''),(480,'dictionary','',''),(481,'effort','',''),(482,'ennui','',''),(483,'stranger','',''),(484,'n/a','',''),(485,'married','',''),(486,'mirror','',''),(487,'n/a','',''),(488,'n/a','',''),(489,'plume (feather)','',''),(490,'savant','',''),(491,'surprise','',''),(492,'tempest','',''),(493,'timid','',''),(494,'n/a','',''),(495,'n/a','',''),(496,'desire','',''),(497,'difference','',''),(498,'desire','',''),(499,'poor','',''),(500,'question','',''),(501,'n/a (peace)','',''),(502,'victory','',''),(503,'confused','',''),(504,'nipple','',''),(505,'ripe','',''),(506,'ring','',''),(507,'roll','',''),(508,'sand','',''),(509,'sea','',''),(510,'soul','',''),(511,'ski','',''),(512,'sculpture','',''),(513,'sock','',''),(514,'sole','',''),(515,'soldier','',''),(516,'Summer','',''),(517,'stare','',''),(518,'stone?','',''),(519,'star','',''),(520,'stink','',''),(521,'tobacco','',''),(522,'aunt ?','',''),(523,'tea','',''),(524,'verb','',''),(525,'ware','',''),(526,'warm','',''),(527,'warn','',''),(528,'weight','',''),(529,'wind','',''),(530,'zone','',''),(531,'gay','',''),(532,'jealous','',''),(533,'service','',''),(534,'semen','',''),(535,'naive','',''),(536,'nature','',''),(537,'niche','',''),(538,'n/a (inn)','',''),(539,'ocean','',''),(540,'offer','',''),(541,'n/a (victim)','',''),(542,'n/a','',''),(543,'olive','',''),(544,'option','',''),(545,'opera','',''),(546,'operation','',''),(547,'opium','',''),(548,'opposition','',''),(549,'software','',''),(550,'optimism','',''),(551,'organ (pipe organ)','',''),(552,'orchestra','',''),(553,'palace','',''),(554,'panic','',''),(555,'paper','',''),(556,'park','',''),(557,'parody','',''),(558,'paste','',''),(559,'n/a','',''),(560,'patron','',''),(561,'pause','',''),(562,'paean','',''),(563,'n/a','',''),(564,'per','',''),(565,'pearl','',''),(566,'n/a ','',''),(567,'n/a','',''),(568,'picnic','',''),(569,'penguin','',''),(570,'n/a','',''),(571,'pizza','',''),(572,'plankton','',''),(573,'n/a','',''),(574,'police','',''),(575,'politician','',''),(576,'population','',''),(577,'popular','',''),(578,'pore','',''),(579,'practice','',''),(580,'prefer','',''),(581,'program','',''),(582,'project','',''),(583,'prototype','',''),(584,'point','',''),(585,'radio','',''),(586,'racket / raquet','',''),(587,'race','',''),(588,'react','',''),(589,'realistic','',''),(590,'receipt?','',''),(591,'reform','',''),(592,'n/a','',''),(593,'regeneration','',''),(594,'region','',''),(595,'n/a (rule)','',''),(596,'n/a (reclamation - archaic)','',''),(597,'record','',''),(598,'recruit','',''),(599,'n/a','',''),(600,'republic','',''),(601,'reserve','',''),(602,'result','',''),(603,'rock','',''),(604,'raisin','',''),(605,'rose','',''),(606,'rubric (?)','',''),(607,'rhythm','',''),(608,'ritual','',''),(609,'risk','',''),(610,'risk','',''),(611,'rice','',''),(613,'n/a (somersault)','',''),(614,'salad','',''),(615,'n/a (sac?)','',''),(616,'sauna','',''),(617,'scene','',''),(618,'second','',''),(619,'semester','',''),(620,'sense','',''),(621,'secretary','',''),(622,'n/a','',''),(623,'sexy','',''),(624,'scan','',''),(625,'sketch','',''),(626,'sun','',''),(627,'social','',''),(628,'sofa','',''),(629,'salt','',''),(630,'n/a','',''),(631,'sperm','',''),(632,'splendor','',''),(633,'sponsor','',''),(634,'sporadic','',''),(635,'hardware','',''),(636,'stadium','',''),(637,'steel','',''),(638,'status','',''),(639,'statistic','',''),(640,'stemple','',''),(641,'student','',''),(642,'sum','',''),(643,'syllable','',''),(644,'symbol','',''),(645,'situation','',''),(646,'n/a','',''),(647,'chief','',''),(648,'n/a','',''),(649,'n/a (hit)','',''),(650,'n/a','',''),(651,'n/a','',''),(652,'n/a','',''),(653,'n/a','',''),(654,'n/a','',''),(655,'cipher (AE) / cypher (BE)','',''),(656,'shield','',''),(657,'talent','',''),(658,'dance','',''),(659,'text','',''),(660,'tennis','',''),(661,'theory','',''),(662,'toilet','',''),(663,'tone','',''),(664,'ton','',''),(665,'torture','',''),(666,'tragic','',''),(667,'triumph','',''),(668,'tropical','',''),(669,'type','',''),(670,'urn','',''),(671,'n/a (scales)','',''),(672,'vampire','',''),(673,'n/a','',''),(674,'verdict','',''),(675,'visit','',''),(676,'zero','',''),(677,'zombie','',''),(678,'zoom','',''),(679,'shocked','',''),(680,'soup','',''),(681,'murmur','',''),(682,'bush','',''),(683,'end','',''),(684,'flood','',''),(685,'here','',''),(686,'hoof','',''),(687,'insolent ','',''),(688,'instinct','',''),(689,'clear','',''),(690,'kiss','',''),(691,'lean','',''),(692,'lip','',''),(693,'list','',''),(694,'mane','',''),(695,'n/a ','',''),(696,'mask','',''),(697,'mascot','',''),(698,'comprehend','',''),(699,'cadaver','',''),(700,'accident','',''),(701,'value','',''),(702,'nest','',''),(703,'null','',''),(704,'number','',''),(705,'orange','',''),(706,'east','',''),(707,'plan','',''),(708,'post office','',''),(709,'pulp','',''),(710,'quasi','',''),(711,'rush??','',''),(712,'religion','',''),(713,'roast','',''),(714,'rucksack','',''),(715,'round','',''),(716,'saddle','',''),(717,'shadow','',''),(718,'shriek','',''),(719,'shrine','',''),(720,'swan','',''),(721,'side','',''),(722,'shampoo','',''),(723,'shoe','',''),(724,'sight','',''),(725,'tomato','',''),(726,'vulgar','',''),(728,'declare','',''),(729,'abridged','',''),(730,'age','',''),(731,'aid','',''),(732,'eagle','',''),(733,'ambiguous','',''),(734,'announce','',''),(735,'attention','',''),(736,'attraction','',''),(737,'border','',''),(738,'boulevard','',''),(739,'calm','',''),(740,'capable','',''),(741,'circle','',''),(742,'certainly','',''),(743,'chain ','',''),(744,'completely','',''),(745,'consider','',''),(746,'crab','',''),(747,'crime','',''),(748,'dangerous','',''),(749,'discover','',''),(750,'destiny','',''),(751,'detail','',''),(752,'disappear','',''),(753,'disappeared','',''),(754,'element','',''),(755,'inhabitant','',''),(756,'honest','',''),(757,'honor','',''),(758,'ignorant','',''),(759,'important','',''),(760,'innocence','',''),(761,'innocent','',''),(762,'interest','',''),(763,'invention','',''),(764,'invincible','',''),(765,'joy','',''),(766,'just','',''),(767,'lesson','',''),(768,'long','',''),(769,'lucid (clear)','',''),(770,'madam','',''),(771,'magic','',''),(772,'magnificent','',''),(773,'mercy','',''),(774,'mission','',''),(775,'nervous','',''),(776,'occupy','',''),(777,'overt ','',''),(778,'particularly','',''),(779,'painter','',''),(780,'peril','',''),(781,'permanent','',''),(782,'pity','',''),(783,'potion','',''),(784,'powder','',''),(785,'proof','',''),(786,'probably','',''),(787,'profit','',''),(788,'progress','',''),(789,'promise','',''),(790,'provocation','',''),(791,'reaction','',''),(792,'receive','',''),(793,'reduce','',''),(794,'refuse ','',''),(795,'repair','',''),(796,'repeat','',''),(797,'salary','',''),(798,'save','',''),(799,'simple','',''),(800,'simply ','',''),(801,'subject','',''),(802,'suspect','',''),(803,'temple ','',''),(804,'valley','',''),(805,'village','',''),(806,'visa','',''),(807,'visible','',''),(808,'arrive','',''),(809,'candidate','',''),(810,'carnage','',''),(811,'chance','',''),(812,'condemned','',''),(813,'courage','',''),(814,'danger','',''),(815,'education ','',''),(816,'guard','',''),(817,'horde','',''),(818,'insist','',''),(819,'lamentation','',''),(820,'lamp','',''),(821,'panorama','',''),(822,'permit','',''),(823,'precaution','',''),(824,'prepare','',''),(825,'professional','',''),(826,'protection','',''),(827,'psychology','',''),(828,'sage','',''),(829,'secure','',''),(830,'tent','',''),(832,'n/a (complexion)','',''),(833,'hooligan','',''),(834,'abdominal','',''),(835,'abduction','',''),(836,'abundant','',''),(837,'abbreviation','',''),(838,'absolutely','',''),(840,'chimney','',''),(841,'ire','',''),(842,'n/a','',''),(843,'regret','',''),(844,'mortal','',''),(845,'altitude','',''),(846,'saliva','',''),(847,'complot','',''),(848,'pen','',''),(849,'essential','',''),(850,'n/a (reunion ?)','',''),(851,'allergy','',''),(852,'language','',''),(853,'n/a (tongue)','',''),(854,'maltreatment','',''),(855,'pogrom','',''),(856,'n/a','',''),(858,'n/a','',''),(859,'description','',''),(861,'vain','',''),(862,'serious','',''),(863,'describe','',''),(864,'facile (not common)','',''),(865,'n/a','',''),(866,'urgent','',''),(867,'example','',''),(868,'n/a','',''),(869,'impulse','',''),(870,'subtle','',''),(871,'favour','',''),(872,'permission','',''),(873,'battery','',''),(874,'wolf','',''),(875,'workshop','',''),(877,'coalition','',''),(878,'commence','',''),(879,'campus','',''),(880,'boycott','',''),(881,'boycott','',''),(882,'narcosis','',''),(883,'n/a','',''),(884,'n/a (shark)','',''),(886,'crisis','',''),(888,'gaffe','',''),(891,'n/a (country)','',''),(892,'treat','',''),(893,'athlete','',''),(895,'sense','',''),(897,'expansion','',''),(898,'local','',''),(899,'island','',''),(900,'n/a','',''),(903,'formality','',''),(905,'philosophy','',''),(906,'n/a','',''),(907,'n/a','',''),(909,'pupil','',''),(910,'crown','',''),(911,'palette','',''),(912,'bottle','',''),(913,'stomache','',''),(914,'sponge','',''),(915,'n/a (dome)','',''),(916,'n/a (suregon)','',''),(917,'iris','',''),(919,'claw','',''),(920,'hard','',''),(921,'bowl','',''),(922,'pin ?','',''),(923,'television','',''),(924,'palm tree','',''),(925,'cube','',''),(926,'bonnet','',''),(927,'pulse','',''),(928,'banana','',''),(929,'pyjamas / pijamas','',''),(930,'queue','',''),(931,'scorpion','',''),(932,'archer','',''),(933,'n/a','',''),(934,'n/a (drop)','',''),(935,'thermos (vacuum flask)','',''),(936,'note','',''),(937,'dune','',''),(938,'balcony','',''),(939,'mat','',''),(940,'deity','',''),(941,'Germany','',''),(942,'Poland','',''),(943,'France','',''),(944,'n/a','',''),(945,'lampshade','',''),(946,'ballpen','',''),(947,'n/a','',''),(948,'n/a','',''),(949,'n/a','',''),(950,'prince','',''),(951,'crow\'s feet','',''),(953,'saga','',''),(954,'n/a','',''),(955,'gang','',''),(958,'n/a','',''),(959,'n/a','',''),(960,'water','',''),(961,'address','',''),(962,'mouse','',''),(963,'keyboard','',''),(964,'combine','',''),(965,'clique','',''),(966,'spaghetti','',''),(967,'hamburger','',''),(968,'parasol','',''),(990,'e-mail','',''),(992,'n/a','',''),(994,'begin','',''),(995,'drink','',''),(997,'book','',''),(998,'n/a','',''),(999,'train','',''),(1000,'n/a','',''),(1001,'workshop','',''),(1002,'press','',''),(1003,'plan','',''),(1004,'phonetics','',''),(1005,'catalogue','',''),(1006,'product','',''),(1200,'network','',''),(1201,'coffee','',''),(1202,'n/a','',''),(1217,'programmer','',''),(1218,'intern','',''),(1221,'democracy','',''),(1225,'father','',''),(1226,'mother','',''),(1227,'n/a','',''),(1244,'blood','',''),(1245,'dystopia','',''),(1246,'utopia','',''),(1247,'intensively','',''),(1248,'Russia','',''),(1249,'n/a','',''),(1250,'n/a','',''),(1251,'lipstick','',''),(1252,'asphalt','',''),(1253,'steak','',''),(1254,'oasis','',''),(1255,'apartment','',''),(1256,'scooter','',''),(1257,'internet','',''),(1258,'printer','',''),(1259,'n/a','',''),(1260,'n/a','',''),(1261,'sweater','','');
/*!40000 ALTER TABLE `english` ENABLE KEYS */;
UNLOCK TABLES;

--
-- Table structure for table `french`
--

DROP TABLE IF EXISTS `french`;
/*!40101 SET @saved_cs_client     = @@character_set_client */;
/*!40101 SET character_set_client = utf8 */;
CREATE TABLE `french` (
  `Id` int(11) NOT NULL,
  `Text` text NOT NULL,
  `Details` text CHARACTER SET latin1 NOT NULL,
  `Usage` text CHARACTER SET latin1 NOT NULL,
  UNIQUE KEY `Id` (`Id`)
) ENGINE=InnoDB DEFAULT CHARSET=utf8;
/*!40101 SET character_set_client = @saved_cs_client */;

--
-- Dumping data for table `french`
--

LOCK TABLES `french` WRITE;
/*!40000 ALTER TABLE `french` DISABLE KEYS */;
INSERT INTO `french` (`Id`, `Text`, `Details`, `Usage`) VALUES (1,'absolu / absolue','',''),(2,'banal / banale','',''),(3,'brutal','',''),(4,'débile','',''),(5,'délicat (check!)','',''),(6,'élégant / élégante','',''),(7,'n/a (bonne)','',''),(8,'n/a','',''),(9,'intelligent','',''),(10,'intense','',''),(11,'bizarre','',''),(12,'difficile','',''),(14,'n/a (loin)','',''),(15,'frais or fraiche','',''),(16,'moderne','',''),(17,'bref/brève','',''),(18,'rapide','',''),(19,'riche','',''),(20,'humain / humaine','',''),(21,'normal','',''),(22,'compliqué','',''),(23,'stable ?','',''),(25,'volontaire','',''),(26,'agressif','',''),(27,'amusant','',''),(28,'direct','',''),(29,'exceptionnel','',''),(30,'poli','',''),(31,'ridicule','',''),(32,'absurde','',''),(34,'abrupt','',''),(35,'absent','',''),(36,'absolu ','',''),(37,'absorbant','',''),(38,'strict or stricte','',''),(39,'humble','',''),(40,'horrible','',''),(41,'positif or positive','',''),(44,'généreux or généreuse ','',''),(47,'fort or forte','',''),(51,'possible','',''),(52,'different','',''),(57,'grave','',''),(58,'actuellement','',''),(59,'brutalement','',''),(60,'définitif or définitive ','',''),(61,'exactement','',''),(62,'ponctuellement ','',''),(64,'directement','',''),(65,'alias','',''),(66,'étiquette la','',''),(67,'n/a (grenouille)','',''),(68,'n/a (renard)','',''),(69,'n/a (pied)','',''),(70,'n/a (dieu)','',''),(71,'abstraction la','',''),(72,'abstinence la','',''),(73,'abstinent le','',''),(75,'applaudissement le','',''),(76,'n/a ','',''),(77,'aspirine la','',''),(78,'attaque la','',''),(79,'base','',''),(80,'bibliothèque la','',''),(82,'caractère ','',''),(84,'décision la','',''),(85,'dauphin','',''),(86,'démon le','',''),(87,'dialecte le','',''),(88,'diamant le','',''),(90,'droguerie','',''),(91,'n/a (passoire)','',''),(92,'étiquette la','',''),(93,'fiasco le','',''),(94,'flottille la','',''),(95,'fragment le (part)','',''),(96,'frustration la','',''),(97,'n/a','',''),(98,'fonction (MATH)','',''),(99,'football','',''),(100,'galerie','',''),(101,'gage','',''),(102,'geste le','',''),(104,'hôtel le','',''),(105,'intrigue la ','',''),(106,'candidature le','',''),(109,'code le','',''),(111,'coleur la','',''),(115,'costume','',''),(117,'cravate','',''),(118,'créature la','',''),(122,'légende la','',''),(124,'n/a ','',''),(125,'meuble le','',''),(128,'angoisse ','',''),(129,'n/a (pomme)','',''),(130,'abricot','',''),(131,'équivalent','',''),(132,'dragon','',''),(133,'iceberg le','',''),(134,'éléphant','',''),(135,'ange le','',''),(136,'excursion','',''),(138,'n/a','',''),(139,'n/a','',''),(140,'n/a (lait)','',''),(142,'déluge le','',''),(143,'fleur la','',''),(144,'luna la','',''),(145,'main la','',''),(146,'ordinateur le','',''),(147,'patience la','',''),(148,'pharmacie','',''),(149,'pied le ','',''),(150,'poison','',''),(151,'neveu le','',''),(152,'bourgeois le','',''),(155,'cigarette la','',''),(156,'exception','',''),(157,'n/a (nuit)','',''),(159,'nez le','',''),(160,'objet le','',''),(161,'omelett','',''),(162,'ovation','',''),(163,'parlement le','',''),(164,'n/a ','',''),(166,'personnel le','',''),(167,'planète la','',''),(169,'roman le','',''),(170,'position la','',''),(173,'rubis le','',''),(174,'secret le','',''),(175,'saison la','',''),(176,'station la','',''),(182,'n/a','',''),(183,'n/a','',''),(185,'team le (équipe)','',''),(186,'tragédie la','',''),(187,'tunnel le','',''),(189,'ouverture la','',''),(190,'valise la','',''),(192,'n/a','',''),(193,'vin','',''),(195,'n/a','',''),(196,'zénith ','',''),(197,'zodiaque','',''),(198,'zoo','',''),(199,'zigzag','',''),(201,'concubinage le','',''),(203,'erreur la','',''),(204,'flamme','',''),(205,'force','',''),(206,'ours','',''),(208,'absolu le','',''),(209,'abus le','',''),(210,'idole la','',''),(211,'niveau le','',''),(213,'défaut la ?','',''),(214,'passion la','',''),(215,'espace le','',''),(216,'pauvreté la','',''),(218,'Espagne la','',''),(219,'orang-outan(g)','',''),(220,'Suède la','',''),(221,'n/a','',''),(224,'n/a','',''),(225,'voter','',''),(226,'étrangler','',''),(228,'endomager','',''),(229,'moquer','',''),(233,'visiter','',''),(235,'continuer','',''),(236,'forcer','',''),(237,'surfer','',''),(239,'abuser','',''),(240,'anxiété','',''),(242,'forêt','',''),(244,'n/a','',''),(247,'n/a (herbe)','',''),(248,'gris','',''),(249,'n/a','',''),(253,'jeune','',''),(254,'n/a','',''),(255,'long or longue','',''),(258,'n/a','',''),(259,'muscle','',''),(260,'signe','',''),(261,'tank','',''),(263,'oncle','',''),(265,'n/a (corbeau)','',''),(273,'affront','',''),(274,'accent','',''),(275,'actif / active','',''),(276,'alpha le','',''),(277,'alcool','',''),(278,'américain(e)','',''),(279,'amour','',''),(280,'anatomie ','',''),(282,'anglais','',''),(283,'enquête la','',''),(286,'asthme le','',''),(287,'la auto (la voiture)','',''),(288,'autobiographie la','',''),(289,'ballast','',''),(291,'bande','',''),(292,'banque','',''),(293,'base','',''),(294,'beige','',''),(295,'bible la','',''),(297,'bureau','',''),(298,'bluff le','',''),(299,'bombe','',''),(300,'brochure','',''),(301,'bordel le','',''),(302,'n/a','',''),(304,'n/a (rêne)','',''),(305,'sucre','',''),(311,'cirque','',''),(312,'citron le','',''),(315,'diable','',''),(316,'docteur le','',''),(317,'dileme','',''),(319,'distance la','',''),(321,'effet le','',''),(322,'examen le','',''),(323,'exister','',''),(324,'équipe ','',''),(325,'écran','',''),(326,'excitation la','',''),(328,'émaner','',''),(329,'émotion la','',''),(330,'épisode le','',''),(332,'Europe la','',''),(333,'fabrique la / usine la','',''),(334,'famille la','',''),(336,'fantôme le','',''),(338,'façade','',''),(340,'phase la','',''),(343,'fiction la','',''),(344,'film le','',''),(346,'fossé','',''),(347,'fauteuil le','',''),(348,'photo','',''),(349,'photographe le','',''),(350,'photographie la','',''),(351,'fruit','',''),(354,'gang le','',''),(358,'génération','',''),(359,'guitare','',''),(360,'grammaire la','',''),(363,'grotte la','',''),(365,'grippe la','',''),(366,'n/a','',''),(367,'hamac','',''),(368,'n/a','',''),(369,'hyène','',''),(370,'hypnose','',''),(373,'idiot / idiote','',''),(374,'illusion la','',''),(377,'incident le','',''),(381,'investir','',''),(383,'Jésus','',''),(385,'n/a (bijoutier )','',''),(386,'câble ','',''),(388,'calendrier ','',''),(391,'canapé le','',''),(393,'carnaval le','',''),(394,'n/a','',''),(395,'camping','',''),(396,'kiosque','',''),(397,'clown le','',''),(398,'clique','',''),(399,'climat le','',''),(401,'club le ','',''),(402,'chat','',''),(403,'collation?','',''),(405,'n/a (BD - bande desine)','',''),(407,'n/a (ordinateur)','',''),(408,'concentration la','',''),(410,'connaisseur ','',''),(411,'concours le','',''),(412,'conséquence la','',''),(416,'cauchemar','',''),(417,'crème la','',''),(418,'crocodile le','',''),(419,'criminel le','',''),(420,'culture la','',''),(421,'n/a','',''),(423,'lexique','',''),(424,'lion','',''),(425,'ligue','',''),(427,'maquillage le','',''),(429,'maniaque le','',''),(431,'match le','',''),(432,'métal le','',''),(433,'métro le','',''),(434,'mois','',''),(436,'minute la','',''),(437,'miel','',''),(438,'moto','',''),(439,'mouche la','',''),(440,'musée','',''),(441,'musulman','',''),(442,'musique la','',''),(445,'aventure','',''),(446,'adjectif','',''),(448,'ballon','',''),(449,'bande','',''),(450,'banc','',''),(451,'n/a','',''),(452,'n/a lit le','',''),(453,'bière','',''),(454,'bleu','',''),(455,'n/a','',''),(457,'bus','',''),(459,'camping','',''),(460,'dîner le','',''),(461,'direct or directe','',''),(464,'n/a','',''),(465,'n/a','',''),(466,'feu','',''),(467,'n/a','',''),(468,'n/a (ami)','',''),(469,'n/a (or le)','',''),(470,'n/a','',''),(471,'industrie la','',''),(472,'n/a (bijou)','',''),(473,'n/a (mois)','',''),(474,'attitude la','',''),(475,'bienvenue','',''),(476,'cas','',''),(477,'cause','',''),(478,'cendre','',''),(479,'ciel','',''),(480,'dictionnaire','',''),(481,'effort le','',''),(482,'ennui','',''),(483,'étranger','',''),(484,'livre','',''),(485,'marié(e)','',''),(486,'miroir','',''),(487,'monde le','',''),(488,'mort','',''),(489,'plume','',''),(490,'savant','',''),(491,'surprise la (les surprises)','',''),(492,'tempête la','',''),(493,'timide','',''),(494,'torro','',''),(495,'vélo','',''),(496,'désir le','',''),(497,'différence la','',''),(498,'désirer','',''),(499,'pauvre','',''),(501,'paix','',''),(502,'victoire','',''),(503,'confus','',''),(505,'n/a','',''),(513,'n/a (chausette)','',''),(515,'soldat le','',''),(516,'n/a','',''),(519,'n/a','',''),(522,'tante la','',''),(523,'thé ','',''),(528,'n/a','',''),(530,'zone la','',''),(531,'gai','',''),(532,'jaloux','',''),(533,'service le','',''),(536,'nature la','',''),(538,'auberge','',''),(540,'offre la','',''),(544,'option la','',''),(545,'opéra le','',''),(547,'opium le','',''),(553,'palais le','',''),(554,'panique la','',''),(555,'papier le','',''),(556,'parc le','',''),(557,'parodie la','',''),(558,'pâte la','',''),(561,'pause','',''),(563,'paysage le','',''),(564,'par','',''),(566,'périphérie ','',''),(567,'pinceau','',''),(570,'pistolet le','',''),(571,'pizza la','',''),(572,'plancton le','',''),(573,'plage','',''),(575,'politicien','',''),(576,'population la','',''),(577,'populaire','',''),(578,'pore le','',''),(580,'préférer','',''),(582,'projet le','',''),(583,'prototype le','',''),(585,'radio','',''),(588,'réagir ','',''),(592,'n/a','',''),(593,'régénération ','',''),(594,'région la','',''),(596,'réclamation la','',''),(597,'record le','',''),(598,'recrue','',''),(602,'résultat le','',''),(605,'rose','',''),(607,'rythme le','',''),(608,'rituel','',''),(611,'riz le','',''),(615,'sachet ','',''),(616,'sauna le','',''),(624,'scanner','',''),(625,'sketch le','',''),(626,'soleil le','',''),(627,'social / sociale','',''),(628,'sofa le','',''),(629,'sel le','',''),(631,'sperme le','',''),(639,'statistique ','',''),(641,'Étudiant le','',''),(642,'somme / sum','',''),(644,'symbole le','',''),(645,'situation la','',''),(646,'chantage le','',''),(647,'chef','',''),(648,'n/a','',''),(654,'n/a','',''),(655,'chiffre le','',''),(657,'talent','',''),(658,'danser','',''),(660,'tennis le','',''),(661,'théorie la','',''),(662,'toilette','',''),(666,'tragique','',''),(668,'tropical','',''),(669,'type le','',''),(671,'n/a','',''),(672,'vampire le','',''),(674,'verdict','',''),(676,'zéro ','',''),(680,'soupe la','',''),(683,'n/a','',''),(684,'n/a','',''),(685,'n/a','',''),(686,'n/a','',''),(687,'insolent / insolente','',''),(689,'clair','',''),(691,'n/a','',''),(695,'manteau le','',''),(699,'cadavre le','',''),(700,'accident le','',''),(701,'valeur','',''),(704,'nombre','',''),(705,'orange la','',''),(707,'plan le (les plans)','',''),(708,'poste la','',''),(709,'pulpe','',''),(712,'religion la','',''),(717,'n/a','',''),(725,'tomate ','',''),(728,'déclarer ','',''),(729,'abrégé / abrégée','',''),(730,'âge le','',''),(731,'aider','',''),(732,'aigle','',''),(733,'ambigu','',''),(734,'annoncer ','',''),(735,'attention','',''),(736,'attraction la','',''),(738,'boulevard le','',''),(739,'calme','',''),(740,'capable','',''),(741,'cercle le','',''),(742,'certainement','',''),(743,'chaîne ','',''),(744,'complètement','',''),(745,'considérer','',''),(746,'crabe le','',''),(747,'crime ','',''),(748,'dangeroux','',''),(749,'découvrir','',''),(750,'destinée ','',''),(751,'détail ','',''),(752,'disparaître','',''),(753,'disparu','',''),(754,'élément le','',''),(755,'habitant le','',''),(756,'honnête','',''),(757,'honneur','',''),(758,'ignorant','',''),(759,'important','',''),(760,'innocence la','',''),(761,'innocent','',''),(762,'intérêt','',''),(763,'invention la','',''),(764,'invincible','',''),(765,'joie la','',''),(766,'juste','',''),(767,'leçon','',''),(768,'long','',''),(769,'lucide','',''),(770,'madame','',''),(771,'magique','',''),(772,'magnifique','',''),(773,'merci ','',''),(774,'mission','',''),(775,'nerveux','',''),(776,'occuper (ER verb)','',''),(777,'ouvert?','',''),(778,'particulièrement','',''),(779,'peintre','',''),(780,'péril ','',''),(781,'permanent','',''),(782,'pitié','',''),(783,'potion','',''),(784,'poudre','',''),(785,'preuve la','',''),(786,'probablement','',''),(787,'profit le','',''),(788,'progrès le','',''),(789,'promesse la','',''),(790,'provocation','',''),(791,'réaction','',''),(792,'recevoir ','',''),(793,'réduire','',''),(794,'refuser','',''),(795,'réparation la','',''),(796,'répéter','',''),(797,'salarial','',''),(798,'sauver','',''),(799,'simple','',''),(800,'simplement','',''),(801,'sujet','',''),(802,'suspect ','',''),(803,'temple le','',''),(804,'vallée la','',''),(805,'village','',''),(806,'visa le','',''),(807,'visible','',''),(811,'chance la ?','',''),(813,'courage le','',''),(814,'danger','',''),(818,'insister','',''),(821,'panorama le','',''),(823,'précaution la','',''),(824,'prepare','',''),(826,'protection la','',''),(828,'sage','',''),(830,'tente la','',''),(832,'carnation','',''),(834,'abdominal','',''),(835,'abduction','',''),(836,'abondant ','',''),(837,'abréviation la','',''),(838,'absolument','',''),(840,'cheminée la','',''),(841,'ire la','',''),(842,'fraise la','',''),(843,'regretter','',''),(844,'mortel','',''),(845,'altitude la','',''),(846,'salive la','',''),(847,'complot le','',''),(850,'réunion la','',''),(852,'langage le','',''),(853,'langue la','',''),(854,'maltraitance la','',''),(855,'pogrom/pogrome','',''),(856,'entre','',''),(858,'chemin le','',''),(862,'sérieux or sérieuse','',''),(864,'facile','',''),(865,'inutile','',''),(866,'urgent or urgente','',''),(867,'exemple','',''),(868,'triste','',''),(869,'impulsion la','',''),(870,'subtil','',''),(871,'faveur la','',''),(872,'permission','',''),(874,'n/a','',''),(877,'coalition la','',''),(878,'commencer','',''),(879,'','',''),(880,'boycott le','',''),(881,'boycotter','',''),(883,'champignon','',''),(884,'requin le','',''),(886,'crise la','',''),(888,'gaffe','',''),(891,'pays le','',''),(892,'traiter','',''),(895,'sentir','',''),(897,'expansion','',''),(899,'île la','',''),(900,'piste la','',''),(903,'formalidad la','',''),(905,'philosophie','',''),(906,'n/a','',''),(907,'abat-jour','',''),(908,'chariot ??','',''),(913,'estomac','',''),(917,'iris le','',''),(921,'bol le','',''),(922,'punaise la','',''),(924,'palmier le','',''),(926,'bonnet','',''),(927,'pouls le','',''),(928,'banane la','',''),(929,'pyjama le','',''),(930,'queue (kolejka)','',''),(931,'scorpion','',''),(932,'archer le','',''),(933,'herbe la','',''),(934,'goutte la','',''),(935,'thermos','',''),(936,'note la','',''),(937,'dune la','',''),(940,'dieu','',''),(941,'Allemagne','',''),(942,'Pologne la','',''),(943,'france','',''),(944,'ami / amie','',''),(945,'n/a','',''),(946,'n/a','',''),(947,'n/a','',''),(948,'n/a','',''),(949,'n/a','',''),(950,'prince le','',''),(951,'pattes d\'oie (goose paws)','',''),(952,'hier (yesterday)','',''),(953,'n/a (légende)','',''),(954,'n/a','',''),(958,'n/a (maison la)','',''),(959,'eau (check)','',''),(961,'adresse la','',''),(968,'parasol le (for sun)','',''),(990,'e-mail?','',''),(992,'n/a','',''),(998,'n/a','',''),(999,'train le','',''),(1003,'plan le','',''),(1201,'café','',''),(1202,'n/a','',''),(1251,'n/a','',''),(1252,'asphalte le','',''),(1253,'steak le','',''),(1254,'oasis la','','');
/*!40000 ALTER TABLE `french` ENABLE KEYS */;
UNLOCK TABLES;

--
-- Table structure for table `german`
--

DROP TABLE IF EXISTS `german`;
/*!40101 SET @saved_cs_client     = @@character_set_client */;
/*!40101 SET character_set_client = utf8 */;
CREATE TABLE `german` (
  `Id` int(11) NOT NULL,
  `text` text NOT NULL,
  `details` text NOT NULL,
  `usage` text NOT NULL,
  UNIQUE KEY `id` (`Id`)
) ENGINE=InnoDB DEFAULT CHARSET=utf8;
/*!40101 SET character_set_client = @saved_cs_client */;

--
-- Dumping data for table `german`
--

LOCK TABLES `german` WRITE;
/*!40000 ALTER TABLE `german` DISABLE KEYS */;
INSERT INTO `german` (`Id`, `text`, `details`, `usage`) VALUES (1,'absolut','',''),(2,'banal','',''),(3,'brutal ','',''),(4,'n/a','',''),(5,'delikat','',''),(6,'elegant','',''),(7,'gut','',''),(8,'gratulieren','',''),(9,'intelligent','',''),(10,'n/a','',''),(11,'bizarr','',''),(12,'diffizil (schwach)','',''),(13,'doppel','',''),(14,'fern','',''),(15,'frisch','',''),(16,'modern','',''),(17,'n/a','',''),(18,'rapide (schnell)','',''),(19,'reich','',''),(20,'n/a','',''),(21,'normal','',''),(22,'kompliziert','',''),(23,'stabil','',''),(24,'super','',''),(25,'n/a','',''),(29,'n/a','',''),(32,'absurd','',''),(38,'n/a (streng)','',''),(39,'n/a','',''),(40,'n/a ','',''),(41,'positiv','',''),(44,'generös (not really)','',''),(47,'n/a','',''),(51,'n/a','',''),(53,'episch','',''),(54,'offiziell','',''),(55,'relativ','',''),(56,'schick','',''),(58,'aktuell','',''),(59,'brutal','',''),(60,'definitiv','',''),(61,'exakt','',''),(62,'pünktlich','',''),(63,'perfid (check?)','',''),(64,'direkt','',''),(65,'Alias das/der','',''),(66,'etikett das / etikette die ??','',''),(67,'Frosch','',''),(68,'Fuchs der','',''),(69,'fuß','',''),(70,'Gott der','',''),(71,'Abstraktion die','',''),(74,'n/a','',''),(75,'Applaus der','',''),(76,'Apotheke','',''),(78,'n/a','',''),(79,'n/a','',''),(80,'Bibliothek Die ','',''),(81,'Zeremonie (die feier)','',''),(82,'Charakter der','',''),(83,'Zifferblatt die','',''),(84,'n/a (Entscheidung)','',''),(85,'Delphin der','',''),(86,'Dämon der','',''),(87,'Dialekt der','',''),(88,'Diamant der','',''),(89,'Dokument das ','',''),(90,'Drogerie die','',''),(91,'Durchschlag der','',''),(92,'n/a','',''),(93,'Fiasko das ?','',''),(94,'Flotile','',''),(95,'Fragment das ? (Teil)','',''),(96,'Frustration die','',''),(97,'Frisur','',''),(98,'Funktion','',''),(99,'fußball','',''),(100,'Galerie','',''),(101,'n/a','',''),(102,'Geste die','',''),(103,'Gnu das','',''),(104,'Hotel','',''),(105,'intrige der','',''),(106,'Kandidatur die','',''),(107,'Kippe','',''),(108,'Kneipe die','',''),(109,'Kode/Code der','',''),(110,'Kollektion die (Sammlung die)','',''),(111,'n/a','',''),(112,'Kombination','',''),(113,'Kompromiss der','',''),(114,'Container der','',''),(115,'Kostüm das','',''),(116,'Kram der','',''),(117,'Krawatte die','',''),(118,'Kreatur die','',''),(119,'Kruzifix das','',''),(120,'Krypta die','',''),(121,'n/a Vorhang?','',''),(122,'Legende die','',''),(123,'Limit das ?','',''),(124,'Lücke die','',''),(125,'Möbel die','',''),(126,'Mikrofon das','',''),(127,'Miene','',''),(128,'Angst die','',''),(129,'Apfel','',''),(130,'aprikose','',''),(131,'Äquivalent das','',''),(132,'Drache','',''),(133,'Eisberg','',''),(134,'Elefant','',''),(135,'Engel','',''),(136,'Exkursion die (check?)','',''),(138,'Fleisch','',''),(139,'Hand die','',''),(140,'Milch','',''),(141,'monster das','',''),(142,'n/a','',''),(143,'n/a','',''),(144,'n/a','',''),(145,'n/a','',''),(146,'n/a','',''),(147,'n/a','',''),(148,'n/a','',''),(149,'n/a','',''),(150,'n/a (gift)','',''),(151,'Neffe der','',''),(152,'Bourgeois der','',''),(153,'Ostern','',''),(154,'Schwarm','',''),(155,'zigarette','',''),(156,'n/a','',''),(157,'nicht','',''),(159,'Nase die','',''),(160,'Objekt das (check?)','',''),(161,'Omelett','',''),(162,'ovation','',''),(163,'Parlament das','',''),(164,'','',''),(165,'n/a','',''),(166,'Personal der','',''),(167,'planet der','',''),(168,'Politik die','',''),(169,'Roman der','',''),(170,'Position die','',''),(171,'Prozess der (Vorgang)','',''),(172,'Respekt der','',''),(173,'rubin der','',''),(174,'n/a (Geheimnis)','',''),(175,'saison die','',''),(176,'station','',''),(177,'start','',''),(178,'streik','',''),(179,'Subwoofer der ','',''),(180,'Symptom der','',''),(181,'Skelett das','',''),(182,'Sturm','',''),(183,'Schicht','',''),(184,'Tabelle','',''),(185,'Team das','',''),(186,'Tragödie','',''),(187,'tunnel der','',''),(188,'Tiger der','',''),(189,'Ouvertüre die','',''),(190,'n/a','',''),(191,'wert','',''),(192,'Winkel','',''),(193,'wein','',''),(194,'n/a','',''),(195,'Wrack (das)','',''),(196,'Zenit','',''),(197,'Zodiakus','',''),(198,'Zoo','',''),(199,'Zickzack der','',''),(200,'Duell das','',''),(201,'Konkubinat der','',''),(202,'Singsang der','',''),(203,'n/a','',''),(204,'Flamme die ','',''),(207,'n/a','',''),(210,'Idol das','',''),(211,'Niveau das','',''),(213,'Defekt der','',''),(214,'Passion die ?','',''),(218,'Spanien','',''),(219,'orang-utan','',''),(220,'Schweden','',''),(221,'füllen','',''),(222,'konzentrieren (sich)','',''),(223,'abseilen','',''),(224,'halt','',''),(225,'n/a','',''),(226,'n/a (strangulieren?)','',''),(227,'pissen','',''),(228,'n/a','',''),(229,'n/a','',''),(230,'präsentieren ','',''),(231,'respektieren','',''),(232,'streiken','',''),(233,'n/a (besuchen)','',''),(234,'reparieren','',''),(240,'Angst die','',''),(241,'Asche','',''),(242,'n/a','',''),(243,'frei','',''),(244,'Frost','',''),(245,'Glas','',''),(246,'Grad','',''),(247,'Gras','',''),(248,'grau','',''),(249,'Grinsen','',''),(250,'Jacke','',''),(251,'Jahr','',''),(252,'Job','',''),(253,'jung','',''),(254,'Krähe die','',''),(255,'lang','',''),(256,'lecken','',''),(257,'Mahne','',''),(258,'Mond der','',''),(259,'muskel','',''),(260,'n/a ','',''),(261,'n/a (panzer)','',''),(262,'nudel nudeln (pl)','',''),(263,'Onkel der','',''),(264,'Qualität','',''),(265,'Rabe','',''),(266,'Rast die ?','',''),(267,'Ratte','',''),(268,'raum','',''),(269,'recht','',''),(270,'schwimmen','',''),(271,'sigiel','',''),(272,'Team','',''),(274,'Akzent der','',''),(275,'aktiv','',''),(276,'Alpha das','',''),(277,'Alkohol','',''),(278,'amerikanisch','',''),(279,'n/a','',''),(280,'Anatomie die','',''),(282,'englisch','',''),(284,'Archiv','',''),(285,'Armie (Heer)','',''),(286,'Asthma das','',''),(287,'Auto','',''),(288,'autobiografie / autobiographie die','',''),(289,'Ballast der','',''),(290,'Bambus','',''),(291,'bande','',''),(292,'Bank','',''),(293,'Base','',''),(294,'beige','',''),(295,'Bibel die','',''),(296,'Bizeps der','',''),(297,'Büro','',''),(298,'bluff der','',''),(299,'Bombe die','',''),(301,'Bordell das','',''),(302,'ziel','',''),(303,'zertifikat','',''),(304,'Zügel der','',''),(305,'Zucker der','',''),(306,'Zucchini die','',''),(307,'ziffer','',''),(308,'zigarre','',''),(309,'Zink','',''),(311,'Zirkus','',''),(312,'Zitrone die','',''),(313,'Delinquent der','',''),(314,'Detonation die','',''),(315,'n/a','',''),(316,'Doktor der','',''),(317,'dilemma','',''),(319,'Distanz das','',''),(320,'n/a (Marmelade)','',''),(321,'Effekt der','',''),(322,'Examen (prüfung)','',''),(323,'existieren','',''),(324,'Equipe die','',''),(326,'n/a','',''),(327,'Explosion die','',''),(328,'n/a','',''),(330,'Episode die','',''),(331,'ästhetik','',''),(332,'Europa','',''),(333,'Fabrik die','',''),(334,'familie','',''),(335,'Fan der','',''),(336,'Phantom das','',''),(337,'farbe','',''),(338,'fassade','',''),(339,'Fax das','',''),(340,'Phase die','',''),(341,'Fehler','',''),(342,'fest','',''),(344,'Film der','',''),(345,'Form','',''),(346,'n/a','',''),(347,'n/a','',''),(348,'Foto','',''),(349,'photograph der fotograph der ?','',''),(350,'photographie ? Fotografie?','',''),(351,'frucht','',''),(352,'n/a','',''),(353,'Galopp der','',''),(354,'n/a','',''),(357,'Geisir','',''),(358,'generation','',''),(359,'gittare','',''),(360,'grammatik die','',''),(361,'gratulation','',''),(362,'groschen','',''),(364,'gruppe','',''),(365,'grippe','',''),(366,'haken','',''),(367,'n/a','',''),(368,'Haare','',''),(369,'hyäne','',''),(370,'hypnose','',''),(371,'Idee die','',''),(373,'idiot / idiotin','',''),(374,'illusion die','',''),(375,'Imagination (Vorstellung)','',''),(378,'Infektion die','',''),(379,'information','',''),(380,'instinktiv','',''),(382,'jeep','',''),(383,'Jesus','',''),(384,'joghurt','',''),(385,'Juwelier','',''),(386,'Kabel','',''),(388,'kalender','',''),(389,'Chamäleon','',''),(390,'Kanal der','',''),(391,'n/a','',''),(392,'canyon','',''),(393,'karneval der','',''),(394,'Kartoffel','',''),(395,'camping','',''),(396,'kiosk','',''),(398,'Clique','',''),(399,'Klima das','',''),(400,'Klosett das','',''),(401,'Club der','',''),(402,'Katze die/Kater der','',''),(403,'n/a','',''),(404,'n/a','',''),(405,'comic','',''),(406,'kompliment','',''),(407,'Computer','',''),(408,'Konzentration die','',''),(409,'Konzept das','',''),(412,'n/a die folge?','',''),(414,'Kontinent der','',''),(415,'kooperieren','',''),(416,'n/a','',''),(417,'creme die (kreme?)','',''),(418,'Krokodil das','',''),(419,'n/a ','',''),(420,'Kultur die?','',''),(421,'Kunst die','',''),(422,'Lawine die','',''),(423,'lexikon','',''),(424,'Löwe ','',''),(425,'liga (DIE or ligen)','',''),(426,'letter (print)','',''),(427,'n/a schminke','',''),(428,'maler','',''),(429,'n/a','',''),(430,'Marmelade','',''),(432,'Metall das','',''),(435,'mine','',''),(436,'Minute die','',''),(438,'motorrad','',''),(439,'n/a','',''),(440,'Museum','',''),(441,'Moslem der','',''),(442,'Musik die','',''),(443,'n/a (Tier das)','',''),(444,'Aal der','',''),(445,'Abenteuer das','',''),(446,'adjektiv','',''),(447,'Arm','',''),(448,'Ball der','',''),(449,'band','',''),(450,'Bank','',''),(451,'Bär','',''),(452,'Bett','',''),(453,'Bier das','',''),(454,'blau','',''),(455,'Buch das','',''),(456,'Bulle','',''),(457,'Bus der','',''),(458,'butter die','',''),(459,'camp','',''),(460,'dinner (abendbrot) das','',''),(461,'direkt','',''),(462,'dito','',''),(463,'ernst','',''),(464,'Feder','',''),(465,'Feind','',''),(466,'Feuer','',''),(467,'Fisch','',''),(468,'Freund der','',''),(469,'Gold das','',''),(470,'honig','',''),(471,'Industrie die','',''),(472,'Juwel das','',''),(473,'monat','',''),(474,'n/a','',''),(475,'n/a','',''),(476,'n/a','',''),(477,'n/a','',''),(478,'n/a','',''),(479,'n/a','',''),(480,'n/a','',''),(481,'n/a','',''),(482,'n/a','',''),(483,'n/a','',''),(484,'n/a','',''),(485,'n/a','',''),(486,'n/a','',''),(487,'n/a','',''),(488,'n/a','',''),(489,'n/a','',''),(490,'n/a','',''),(491,'n/a','',''),(492,'n/a','',''),(493,'n/a','',''),(494,'n/a','',''),(495,'n/a','',''),(496,'n/a ','',''),(497,'n/a ','',''),(498,'n/a ','',''),(499,'n/a (arm)','',''),(500,'n/a (dorf)','',''),(501,'n/a (ruh)','',''),(502,'n/a (Sieg)','',''),(503,'n/a (verwirrt)','',''),(504,'nippel','',''),(505,'reif','',''),(506,'Ring','',''),(507,'rolle','',''),(508,'Sand der','',''),(509,'See','',''),(510,'Seele','',''),(511,'Ski','',''),(512,'skulptur','',''),(513,'Socke die','',''),(514,'sohle','',''),(515,'Soldat der','',''),(516,'Sommer','',''),(517,'starren','',''),(518,'Stein','',''),(519,'Stern','',''),(520,'stinken','',''),(521,'tabak','',''),(522,'Tante die','',''),(523,'Tee der','',''),(524,'Verb das','',''),(525,'ware','',''),(526,'warm','',''),(527,'warnen','',''),(528,'Wicht','',''),(529,'Wind der','',''),(530,'Zone die ?','',''),(534,'Samen der','',''),(535,'naiv','',''),(536,'Natur die','',''),(537,'nische','',''),(538,'n/a (gasthaus)','',''),(539,'Ozean','',''),(541,'Opfer das','',''),(542,'Gurke','',''),(543,'olive','',''),(545,'Oper','',''),(546,'Operation','',''),(548,'opposition ?','',''),(549,'Software die','',''),(550,'optimismus','',''),(551,'orgel','',''),(552,'orchester','',''),(553,'palast / palais die','',''),(554,'Panik die','',''),(555,'Papier','',''),(556,'Park der','',''),(557,'Parodie die','',''),(558,'Pasta die','',''),(559,'pastete','',''),(560,'Patron','',''),(561,'Pause','',''),(562,'n/a','',''),(563,'n/a','',''),(564,'pro','',''),(565,'Perle die','',''),(567,'Pinsel','',''),(568,'picknick','',''),(569,'Pinguin der','',''),(571,'Pizza','',''),(572,'Plankton das','',''),(573,'n/a (strand)','',''),(574,'Polizei die','',''),(575,'politiker','',''),(576,'n/a','',''),(577,'populär','',''),(578,'pore die','',''),(579,'praxis ?','',''),(580,'n/a','',''),(581,'Programm das','',''),(582,'Projekt das','',''),(583,'Prototyp der','',''),(584,'punkt (DER or punkte)','',''),(585,'Radio das','',''),(586,'Rakete die','',''),(587,'Rasse die','',''),(588,'reagieren','',''),(589,'realistich','',''),(590,'rezept','',''),(591,'reform','',''),(592,'Regal','',''),(593,'regeneration','',''),(594,'Region die','',''),(595,'Regel','',''),(596,'Reklamation die','',''),(597,'Rekord der','',''),(599,'rente','',''),(600,'republik','',''),(601,'reservieren','',''),(602,'n/a','',''),(603,'rock','',''),(604,'rosine','',''),(605,'rose','',''),(606,'rubrik','',''),(607,'Rhythmus der','',''),(609,'risiko','',''),(610,'riskieren','',''),(611,'reis','',''),(612,'Saal der','',''),(613,'Salto','',''),(614,'Salat der','',''),(616,'Sauna die','',''),(617,'szene','',''),(618,'Sekunde','',''),(619,'semester','',''),(620,'sinn','',''),(621,'sekretär ','',''),(622,'servus','',''),(623,'sexy','',''),(624,'scannen','',''),(625,'Sketch der','',''),(626,'Sonne die','',''),(627,'sozial','',''),(628,'Sofa das','',''),(629,'Salz das','',''),(630,'spazieren','',''),(631,'Sperma das','',''),(632,'n/a','',''),(633,'sponsoren','',''),(634,'sporadisch ','',''),(635,'Hardware die','',''),(636,'Stadion das','',''),(637,'Stahl','',''),(638,'Status der','',''),(639,'statistik','',''),(640,'stempel','',''),(641,'Student','',''),(642,'Summe die','',''),(643,'silbe','',''),(644,'symbol','',''),(645,'Situation die','',''),(646,'n/a','',''),(648,'schlachten','',''),(649,'Schlager die','',''),(650,'schluchzen','',''),(651,'Schnur','',''),(652,'Schublade','',''),(653,'Schwager der','',''),(654,'Schwindel der','',''),(655,'ziffer','',''),(656,'Schild','',''),(657,'Talent das','',''),(658,'tanzen','',''),(659,'Text','',''),(660,'Tennis das','',''),(662,'toilette','',''),(663,'Ton der','',''),(664,'tonne die','',''),(665,'tortur?? (przenośnie!)','',''),(666,'tragisch','',''),(667,'triumph','',''),(669,'Tipp der','',''),(670,'Urne','',''),(671,'Waage die','',''),(672,'Vampir der','',''),(673,'Watte die','',''),(674,'verdikt???','',''),(675,'n/a (Besuch das)','',''),(676,'Zero das','',''),(677,'Zombie','',''),(678,'Zoom','',''),(679,'schockiert','',''),(680,'Suppe die','',''),(681,'Murmeln das','',''),(682,'Busch der','',''),(683,'Ende das','',''),(684,'Flut','',''),(685,'hier','',''),(686,'Huf der','',''),(687,'insolent ','',''),(688,'intinkt','',''),(689,'klar (deutlich)','',''),(690,'kuss der','',''),(691,'lehnen','',''),(692,'lippe','',''),(693,'liste','',''),(694,'mähne','',''),(695,'mantel','',''),(696,'maske die','',''),(697,'maskotte','',''),(698,'n/a','',''),(699,'n/a (kadaver - obscure ? )','',''),(700,'n/a (unfall)','',''),(701,'n/a (wert)','',''),(702,'nest ','',''),(703,'null','',''),(704,'nummer die','',''),(705,'Orange die','',''),(706,'osten','',''),(707,'Plan der','',''),(708,'Post die','',''),(709,'pulp der','',''),(710,'Quasi...','',''),(711,'rasch (not really)','',''),(712,'religion','',''),(713,'rost','',''),(714,'rucksack','',''),(715,'rund','',''),(716,'sattel','',''),(717,'Schatten','',''),(718,'schrei(en)','',''),(719,'schrein','',''),(720,'Schwan','',''),(721,'seite','',''),(722,'shampoo','',''),(723,'shuh','',''),(724,'sicht','',''),(725,'Tomate die','',''),(726,'vulgär','',''),(730,'n/a (Alter das)','',''),(731,'n/a','',''),(738,'Boulevard der','',''),(743,'n/a (Kette die)','',''),(748,'n/a (gefährlich)','',''),(759,'n/a (wichtig)','',''),(762,'Interesse','',''),(782,'n/a','',''),(806,'Visum das','',''),(811,'Chance die','',''),(818,'n/a','',''),(820,'Lampie die','',''),(821,'Panorama das','',''),(828,'n/a','',''),(830,'n/a (Zelt)','',''),(832,'n/a (Hautfarbe die)','',''),(838,'n/a','',''),(842,'n/a (Erdbeere)','',''),(847,'Komplott das','',''),(851,'Allergie die','',''),(852,'n/a (Sprache die)','',''),(855,'Pogrom das','',''),(856,'n/a (zwischen)','',''),(858,'n/a','',''),(867,'n/a (Beispiel)','',''),(868,'n/a (traurig)','',''),(869,'Impuls der','',''),(873,'Batterie die','',''),(874,'Wolf','',''),(875,'Werkstatt die','',''),(877,'Koalition die','',''),(878,'n/a','',''),(880,'Boykott der','',''),(881,'boykottieren ','',''),(882,'Narkose die','',''),(883,'!champignon - pieczarka','',''),(884,'n/a (Hai der)','',''),(886,'Krise die','',''),(891,'n/a (Land)','',''),(892,'n/a','',''),(893,'Athlet der','',''),(895,'n/a','',''),(899,'Insel','',''),(900,'Piste die','',''),(903,'Formalität die ?','',''),(905,'Philosophie ','',''),(906,'Peitsche die','',''),(907,'n/a','',''),(910,'Krone die','',''),(916,'Chirurg der','',''),(917,'Iris die','',''),(919,'Klaue die','',''),(920,'hart','',''),(921,'n/a','',''),(922,'n/a','',''),(924,'Palme die','',''),(925,'n/a','',''),(927,'Puls der','',''),(928,'Banane die','',''),(931,'Skorpion','',''),(933,'n/a ','',''),(934,'n/a (Tropfen der)','',''),(935,'Thermosflasche','',''),(936,'Note die','',''),(937,'Düne die','',''),(938,'Balkon der','',''),(939,'Matte die','',''),(940,'n/a (Gott der)','',''),(941,'n/a (Deustschland)','',''),(942,'Polen','',''),(943,'Frankreich','',''),(944,'n/a','',''),(945,'Lampenschirm der','',''),(946,'n/a (Kuli)','',''),(947,'n/a','',''),(948,'n/a','',''),(949,'n/a','',''),(950,'Prinz der','',''),(951,'Krähenfüße','',''),(952,'hier (here)','',''),(953,'Sage die','',''),(954,'n/a','',''),(955,'Gang der (path)','',''),(958,'n/a','',''),(959,'n/a (Wasser das)','',''),(960,'Wasser das','',''),(961,'Adresse die','',''),(965,'Clique die','',''),(966,'Spaghetti die','',''),(990,'E-mail','',''),(992,'Pech das','',''),(994,'beginnen','',''),(995,'trinken','',''),(997,'buchen','',''),(998,'n/a','',''),(999,'n/a (Zug der)','',''),(1002,'Presse die','',''),(1003,'Plan der','',''),(1005,'Katalog der','',''),(1006,'Produkt das','',''),(1200,'Netzwerk das','',''),(1201,'Kaffee der','',''),(1202,'n/a','',''),(1217,'Programmierer','',''),(1218,'n/a Praktikant der','',''),(1221,'Demokratie die','',''),(1225,'Vater der','',''),(1226,'Mutter die','',''),(1227,'Hochstapler der','',''),(1244,'Blut das','',''),(1245,'Dystopie die','',''),(1246,'Utopie die','',''),(1247,'intensiv?','',''),(1249,'Praktikant der','',''),(1251,'n/a Lippenstift','',''),(1252,'Asphalt der','',''),(1253,'Steak das','',''),(1254,'Oase die','',''),(1257,'Internet das','',''),(1258,'n/a','',''),(1259,'Drucker der','',''),(1260,'Druck der','',''),(1261,'n/a Pulli (sweater?)','','');
/*!40000 ALTER TABLE `german` ENABLE KEYS */;
UNLOCK TABLES;

--
-- Table structure for table `italian`
--

DROP TABLE IF EXISTS `italian`;
/*!40101 SET @saved_cs_client     = @@character_set_client */;
/*!40101 SET character_set_client = utf8 */;
CREATE TABLE `italian` (
  `Id` int(11) NOT NULL,
  `Text` text CHARACTER SET utf8 NOT NULL,
  `Details` text NOT NULL,
  `Usage` text NOT NULL
) ENGINE=InnoDB DEFAULT CHARSET=latin1;
/*!40101 SET character_set_client = @saved_cs_client */;

--
-- Dumping data for table `italian`
--

LOCK TABLES `italian` WRITE;
/*!40000 ALTER TABLE `italian` DISABLE KEYS */;
INSERT INTO `italian` (`Id`, `Text`, `Details`, `Usage`) VALUES (940,'dio','','');
/*!40000 ALTER TABLE `italian` ENABLE KEYS */;
UNLOCK TABLES;

--
-- Table structure for table `korean`
--

DROP TABLE IF EXISTS `korean`;
/*!40101 SET @saved_cs_client     = @@character_set_client */;
/*!40101 SET character_set_client = utf8 */;
CREATE TABLE `korean` (
  `Id` int(11) NOT NULL,
  `Text` text CHARACTER SET utf8 NOT NULL,
  `Alternative` text CHARACTER SET utf8,
  `Details` text CHARACTER SET utf8 NOT NULL,
  `Usage` text CHARACTER SET utf8 NOT NULL,
  UNIQUE KEY `Id` (`Id`)
) ENGINE=InnoDB DEFAULT CHARSET=latin1;
/*!40101 SET character_set_client = @saved_cs_client */;

--
-- Dumping data for table `korean`
--

LOCK TABLES `korean` WRITE;
/*!40000 ALTER TABLE `korean` DISABLE KEYS */;
INSERT INTO `korean` (`Id`, `Text`, `Alternative`, `Details`, `Usage`) VALUES (1,'n/a',NULL,'',''),(2,'n/a',NULL,'',''),(3,'n/a',NULL,'',''),(4,'n/a',NULL,'',''),(5,'n/a',NULL,'',''),(6,'n/a',NULL,'',''),(7,'n/a',NULL,'',''),(8,'n/a',NULL,'',''),(13,'n/a',NULL,'',''),(22,'n/a',NULL,'',''),(23,'n/a',NULL,'',''),(24,'n/a',NULL,'',''),(45,'n/a',NULL,'',''),(46,'n/a',NULL,'',''),(47,'n/a',NULL,'',''),(48,'n/a',NULL,'',''),(64,'n/a',NULL,'',''),(68,'n/a (여우)',NULL,'',''),(69,'n/a',NULL,'',''),(75,'n/a',NULL,'',''),(80,'n/a (도서관)',NULL,'',''),(91,'n/a',NULL,'',''),(102,'n/a',NULL,'',''),(111,'n/a',NULL,'',''),(143,'n/a',NULL,'',''),(144,'n/a 달',NULL,'',''),(145,'n/a',NULL,'',''),(146,'n/a',NULL,'',''),(150,'n/a',NULL,'',''),(151,'n/a',NULL,'',''),(152,'부르주아지',NULL,'',''),(188,'n/a',NULL,'',''),(218,'스페인',NULL,'',''),(220,'스웨덴',NULL,'',''),(251,'n/a (년)',NULL,'',''),(258,'n/a 달',NULL,'',''),(290,'n/a',NULL,'',''),(332,'유럽',NULL,'',''),(371,'n/a',NULL,'',''),(383,'예수',NULL,'',''),(403,'n/a',NULL,'',''),(407,'컴퓨터',NULL,'',''),(452,'n/a 침대',NULL,'',''),(457,'버스',NULL,'',''),(479,'n/a 하늘',NULL,'',''),(611,'n/a 밥',NULL,'',''),(614,'샐러드',NULL,'',''),(626,'n/a 해',NULL,'',''),(669,'n/a',NULL,'',''),(672,'n/a',NULL,'',''),(677,'좀비',NULL,'',''),(680,'n/a',NULL,'',''),(685,'n/a (여기)',NULL,'',''),(705,'오렌지',NULL,'',''),(722,'샴푸',NULL,'',''),(786,'n/a',NULL,'',''),(799,'n/a',NULL,'',''),(800,'n/a',NULL,'',''),(801,'n/a',NULL,'',''),(802,'n/a',NULL,'',''),(803,'n/a',NULL,'',''),(804,'n/a',NULL,'',''),(805,'n/a',NULL,'',''),(806,'비자',NULL,'',''),(879,'갬퍼스',NULL,'',''),(923,'텔레비전',NULL,'',''),(928,'바나나',NULL,'',''),(938,'발코니     ',NULL,'',''),(940,'n/a',NULL,'',''),(941,'n/a (독일)',NULL,'',''),(942,'폴란드',NULL,'',''),(943,'프랑스',NULL,'',''),(944,'n/a (친구)',NULL,'',''),(945,'n/a',NULL,'',''),(946,'볼펜',NULL,'',''),(947,'n/a ',NULL,'',''),(948,'n/a',NULL,'',''),(949,'n/a (어디)',NULL,'',''),(950,'n/a',NULL,'',''),(954,'차',NULL,'',''),(958,'n/a',NULL,'',''),(959,'n/a (물)',NULL,'',''),(960,'n/a (물)',NULL,'',''),(961,'n/a',NULL,'',''),(962,'마우스',NULL,'',''),(963,'키보드',NULL,'',''),(964,'n/a',NULL,'',''),(965,'n/a',NULL,'',''),(966,'스파게티',NULL,'',''),(967,'햄버거',NULL,'',''),(968,'n/a (우산)',NULL,'',''),(990,'이메일',NULL,'',''),(992,'n/a',NULL,'',''),(994,'n/a',NULL,'',''),(995,'n/a (마시다)',NULL,'',''),(997,'n/a',NULL,'',''),(998,'n/a (물)',NULL,'',''),(999,'n/a (기차)',NULL,'',''),(1001,'워크숍',NULL,'',''),(1007,'n/a',NULL,'',''),(1200,'네트워크',NULL,'',''),(1201,'커피',NULL,'',''),(1202,'n/a',NULL,'',''),(1217,'프로그래머',NULL,'',''),(1218,'인턴',NULL,'',''),(1221,'n/a',NULL,'',''),(1248,'러시아',NULL,'',''),(1251,'립스틱',NULL,'',''),(1252,'아스팔트',NULL,'',''),(1253,'스테이크',NULL,'',''),(1254,'오아시스',NULL,'',''),(1255,'아파트',NULL,'',''),(1256,'스쿠터',NULL,'',''),(1257,'인터넷',NULL,'',''),(1258,'프린터',NULL,'',''),(1259,'n/a',NULL,'',''),(1260,'n/a',NULL,'',''),(1261,'스웨터',NULL,'','');
/*!40000 ALTER TABLE `korean` ENABLE KEYS */;
UNLOCK TABLES;

--
-- Table structure for table `latin`
--

DROP TABLE IF EXISTS `latin`;
/*!40101 SET @saved_cs_client     = @@character_set_client */;
/*!40101 SET character_set_client = utf8 */;
CREATE TABLE `latin` (
  `Id` int(11) NOT NULL,
  `Text` text CHARACTER SET utf8 NOT NULL,
  `Details` text NOT NULL,
  `Usage` text NOT NULL,
  UNIQUE KEY `Id` (`Id`)
) ENGINE=InnoDB DEFAULT CHARSET=latin1;
/*!40101 SET character_set_client = @saved_cs_client */;

--
-- Dumping data for table `latin`
--

LOCK TABLES `latin` WRITE;
/*!40000 ALTER TABLE `latin` DISABLE KEYS */;
INSERT INTO `latin` (`Id`, `Text`, `Details`, `Usage`) VALUES (18,'rapidus','',''),(70,'n/a (deus)','',''),(75,'applaudere','',''),(86,'daemon ‎','',''),(109,'codex','',''),(192,'n/a','',''),(197,'zodiacus','',''),(206,'ursus','',''),(221,'n/a','',''),(259,'musculus ','',''),(347,'n/a','',''),(394,'n/a','',''),(407,'n/a','',''),(439,'musca latin','',''),(451,'n/a','',''),(468,'n/a (amico or amica)','',''),(484,'liber latin','',''),(492,'tempesta latin','',''),(501,'pax','',''),(502,'victoria','',''),(542,'angurion','',''),(648,'n/a','',''),(685,'n/a','',''),(848,'penne (feather)','',''),(940,'deus','',''),(944,'amico / amica','',''),(945,'n/a','',''),(947,'n/a','',''),(948,'n/a','',''),(949,'n/a','',''),(954,'n/a','',''),(992,'n/a','',''),(1201,'n/a','',''),(1202,'n/a','','');
/*!40000 ALTER TABLE `latin` ENABLE KEYS */;
UNLOCK TABLES;

--
-- Table structure for table `polish`
--

DROP TABLE IF EXISTS `polish`;
/*!40101 SET @saved_cs_client     = @@character_set_client */;
/*!40101 SET character_set_client = utf8 */;
CREATE TABLE `polish` (
  `Id` int(11) NOT NULL,
  `Text` text CHARACTER SET utf8 NOT NULL,
  `Details` text NOT NULL,
  `Usage` text NOT NULL,
  UNIQUE KEY `Id` (`Id`)
) ENGINE=InnoDB DEFAULT CHARSET=latin1;
/*!40101 SET character_set_client = @saved_cs_client */;

--
-- Dumping data for table `polish`
--

LOCK TABLES `polish` WRITE;
/*!40000 ALTER TABLE `polish` DISABLE KEYS */;
INSERT INTO `polish` (`Id`, `Text`, `Details`, `Usage`) VALUES (1,'absolutny','',''),(2,'banalny','',''),(3,'brutalny','',''),(4,'debilny','',''),(5,'delikatny','',''),(6,'elegancki','',''),(7,'git ??','',''),(8,'gratulować','',''),(9,'inteligentny','',''),(10,'intensywny','',''),(11,'n/a','',''),(12,'n/a','',''),(13,'n/a','',''),(14,'n/a','',''),(15,'n/a','',''),(16,'n/a modernistyczny?','',''),(17,'n/a','',''),(18,'n/a','',''),(19,'n/a','',''),(20,'n/a','',''),(21,'normalny','',''),(22,'skomplikowane','',''),(23,'stabilny','',''),(24,'super','',''),(25,'wolontariacki','',''),(26,'agresywny','',''),(27,'n/a','',''),(28,'n/a','',''),(29,'n/a','',''),(30,'n/a','',''),(31,'n/a','',''),(32,'absurdalny','',''),(33,'n/a','',''),(34,'n/a','',''),(35,'n/a','',''),(40,'n/a','',''),(41,'pozytywny','',''),(42,'n/a','',''),(43,'n/a','',''),(44,'n/a','',''),(50,'n/a','',''),(51,'n/a','',''),(53,'epicki','',''),(54,'oficjlany','',''),(55,'relatywny ?','',''),(56,'szykowny','',''),(58,'aktualny','',''),(59,'brutalnie','',''),(60,'definitywnie','',''),(61,'n/a','',''),(62,'punktualnie','',''),(63,'perfidnie','',''),(64,'n/a','',''),(65,'alias','',''),(66,'etykieta','',''),(67,'n/a','',''),(68,'n/a','',''),(69,'n/a','',''),(70,'n/a','',''),(71,'abstrakcja','',''),(72,'abstynencja','',''),(73,'abstynent','',''),(74,'admiracja','',''),(75,'aplauz','',''),(76,'apteka','',''),(77,'aspiryna','',''),(78,'atak','',''),(79,'baza','',''),(80,'biblioteka','',''),(81,'ceremonia','',''),(82,'charakter','',''),(83,'cyferblat','',''),(84,'decyzja','',''),(85,'delfin','',''),(86,'demon','',''),(87,'dialekt','',''),(88,'diament','',''),(89,'dokument','',''),(90,'drogeria','',''),(91,'durszlak','',''),(92,'etykieta','',''),(93,'fiasko','',''),(94,'flotylla','',''),(95,'fragment','',''),(96,'frustracja','',''),(97,'fryzura','',''),(98,'funkcja','',''),(99,'futbol','',''),(100,'galeria','',''),(101,'gaża','',''),(102,'gest','',''),(103,'gnu','',''),(104,'hotel','',''),(105,'intryga','',''),(106,'kandydatura','',''),(107,'kiep','',''),(108,'knajpa','',''),(109,'kod','',''),(110,'kolekcja','',''),(111,'kolor','',''),(112,'kombinacja','',''),(113,'kompromis','',''),(114,'kontener','',''),(115,'kostium','',''),(116,'kram','',''),(117,'krawat','',''),(118,'kreatura','',''),(119,'krucyfiks','',''),(120,'krypta','',''),(121,'kurtyna','',''),(122,'legenda','',''),(123,'limit','',''),(124,'luka','',''),(125,'meble','',''),(126,'mikrofon','',''),(127,'mina','',''),(128,'n/a','',''),(129,'n/a','',''),(130,'n/a','',''),(131,'n/a','',''),(132,'n/a','',''),(133,'n/a','',''),(134,'n/a','',''),(135,'n/a','',''),(136,'n/a','',''),(138,'n/a','',''),(139,'n/a','',''),(140,'n/a','',''),(141,'n/a','',''),(142,'n/a','',''),(143,'n/a','',''),(144,'n/a','',''),(145,'n/a','',''),(146,'n/a','',''),(147,'n/a','',''),(148,'n/a','',''),(149,'n/a','',''),(150,'n/a','',''),(151,'n/a','',''),(152,'burżuazja','',''),(153,'n/a','',''),(154,'n/a','',''),(155,'n/a','',''),(156,'n/a','',''),(157,'n/a (noc)','',''),(159,'nos','',''),(160,'obiekt','',''),(161,'omlet','',''),(162,'owacja','',''),(163,'parlament','',''),(164,'n/a pater (duchowny)','',''),(165,'perfidia','',''),(166,'personel','',''),(167,'planeta','',''),(168,'polityka','',''),(169,'powieść','',''),(170,'pozycja','',''),(171,'proces','',''),(172,'respekt','',''),(173,'rubin','',''),(174,'sekret','',''),(175,'sezon','',''),(176,'stacja','',''),(177,'start','',''),(178,'strajk','',''),(179,'subwoofer','',''),(180,'symptom','',''),(181,'szkielet','',''),(182,'sztorm','',''),(183,'szychta','',''),(184,'tabela','',''),(185,'team','',''),(186,'tragedia','',''),(187,'tunel','',''),(188,'tygrys','',''),(189,'uwertura','',''),(190,'walizka','',''),(191,'wartość','',''),(192,'winkiel','',''),(193,'wino','',''),(194,'wolontariusz','',''),(195,'wrak','',''),(196,'zenit','',''),(197,'zodiak','',''),(198,'zoo','',''),(199,'zygzag','',''),(200,'n/a','',''),(203,'n/a','',''),(204,'n/a','',''),(210,'idol','',''),(211,'n/a','',''),(213,'defekt','',''),(214,'pasja','',''),(216,'n/a','',''),(217,'dama','',''),(218,'hiszpania','',''),(219,'orangutan','',''),(220,'szwecja','',''),(221,'n/a','',''),(222,'koncentrować się','',''),(223,'n/a','',''),(224,'n/a','',''),(225,'n/a','',''),(226,'n/a','',''),(227,'n/a','',''),(228,'n/a','',''),(229,'n/a','',''),(230,'prezentować','',''),(231,'respektować','',''),(232,'strajkować','',''),(233,'wizytować','',''),(237,'serfowac','',''),(240,'n/a','',''),(241,'n/a','',''),(242,'n/a','',''),(243,'n/a','',''),(244,'n/a','',''),(245,'n/a','',''),(246,'n/a','',''),(247,'n/a','',''),(248,'n/a','',''),(249,'n/a','',''),(254,'n/a','',''),(255,'n/a','',''),(256,'n/a','',''),(257,'n/a','',''),(258,'n/a','',''),(259,'n/a','',''),(260,'n/a (sygnalizacja)','',''),(261,'n/a','',''),(263,'n/a','',''),(264,'n/a','',''),(265,'n/a','',''),(269,'n/a','',''),(270,'n/a','',''),(272,'n/a','',''),(273,'afront','',''),(274,'akcent','',''),(275,'aktywny','',''),(276,'alfa','',''),(277,'alkohol','',''),(278,'amerykański','',''),(279,'amory','',''),(280,'anatomia','',''),(281,'anegdota','',''),(282,'angielski','',''),(283,'ankieta','',''),(284,'archiwum','',''),(285,'armia','',''),(286,'astma','',''),(287,'auto','',''),(288,'autobiografia','',''),(289,'balast','',''),(290,'bambus','',''),(291,'banda','',''),(292,'bank','',''),(293,'baza','',''),(294,'beżowy','',''),(295,'biblia','',''),(296,'biceps','',''),(297,'biuro','',''),(298,'blef','',''),(299,'bomba','',''),(300,'broszura ','',''),(301,'burdel','',''),(302,'cel','',''),(303,'certyfikat','',''),(304,'cugle','',''),(305,'cukier','',''),(306,'cukinia','',''),(307,'cyfra','',''),(308,'cygaro','',''),(309,'cynk','',''),(311,'cyrk','',''),(312,'cytryna','',''),(313,'delikwent','',''),(314,'detonacja','',''),(315,'diabeł','',''),(316,'doktor','',''),(317,'dylemat','',''),(319,'dystans','',''),(320,'dżem','',''),(321,'efekt','',''),(322,'egzamin','',''),(323,'egzystować','',''),(324,'ekipa','',''),(325,'ekran','',''),(326,'ekscytacja','',''),(327,'eksplozja','',''),(328,'emanować','',''),(329,'emocja','',''),(330,'epizod','',''),(331,'estetyka','',''),(332,'Europa','',''),(333,'fabryka','',''),(334,'familia','',''),(335,'fan','',''),(336,'fantom','',''),(337,'farba','',''),(338,'fasada','',''),(339,'fax','',''),(340,'faza ','',''),(341,'feler (archaic)','',''),(342,'fest (gwara)','',''),(343,'fikcja','',''),(344,'film','',''),(345,'forma','',''),(346,'fosa','',''),(347,'fotel','',''),(348,'foto','',''),(349,'fotograf','',''),(350,'fotografia','',''),(351,'frukt','',''),(352,'gafa','',''),(353,'galop','',''),(354,'gang','',''),(355,'gaza','',''),(356,'gazeta','',''),(357,'gejzer','',''),(358,'generacja','',''),(359,'gitara','',''),(360,'gramatyka','',''),(361,'gratulacje','',''),(362,'grosz','',''),(363,'grota','',''),(364,'grupa','',''),(365,'grypa','',''),(366,'hak','',''),(367,'hamak','',''),(368,'hery (colloquial)','',''),(369,'hiena','',''),(370,'hipnoza','',''),(371,'idea','',''),(372,'idealista','',''),(373,'idiota','',''),(374,'iluzja','',''),(375,'imaginacja?','',''),(376,'imbecyl','',''),(377,'incydent','',''),(378,'infekcja','',''),(379,'informacja','',''),(380,'instynktownie','',''),(381,'inwestować','',''),(382,'jeep','',''),(383,'Jezus','',''),(384,'jogurt','',''),(385,'jubiler','',''),(386,'kabel','',''),(387,'kabinet','',''),(388,'kalendarz','',''),(389,'kameleon','',''),(390,'kanał','',''),(391,'kanapa','',''),(392,'kanion','',''),(393,'karnawał','',''),(394,'kartofel','',''),(395,'kemping(owanie)','',''),(396,'kiosk','',''),(397,'klaun','',''),(398,'klika','',''),(399,'klimat','',''),(400,'klozet','',''),(401,'klub','',''),(402,'kocur/kot','',''),(403,'kolacja','',''),(404,'kolokwialny','',''),(405,'komiks','',''),(406,'komplement','',''),(407,'komputer','',''),(408,'koncentracja','',''),(409,'koncept','',''),(410,'koneser','',''),(411,'konkurs','',''),(412,'konsekwencja','',''),(413,'kontrabanda','',''),(414,'kontynent','',''),(415,'kooperować','',''),(416,'koszmar','',''),(417,'krem','',''),(418,'krokodyl','',''),(419,'kryminalista','',''),(420,'kultura','',''),(421,'kunszt','',''),(422,'lawina','',''),(423,'leksykon','',''),(424,'lew','',''),(425,'liga','',''),(426,'litera','',''),(427,'makijaż','',''),(428,'malarz','',''),(429,'maniak','',''),(430,'marmolada','',''),(431,'mecz','',''),(432,'metal','',''),(433,'metro','',''),(434,'miesiąc','',''),(435,'mina','',''),(436,'minuta','',''),(437,'miód','',''),(438,'motor','',''),(439,'mucha','',''),(440,'muzeum','',''),(441,'muzułmanin','',''),(442,'muzyka','',''),(443,'n/a','',''),(444,'n/a','',''),(445,'n/a','',''),(446,'n/a','',''),(447,'n/a','',''),(448,'n/a','',''),(449,'n/a','',''),(450,'n/a','',''),(451,'n/a','',''),(452,'n/a','',''),(453,'n/a','',''),(454,'n/a','',''),(455,'n/a','',''),(456,'n/a','',''),(457,'n/a (autobus)','',''),(458,'n/a','',''),(459,'n/a','',''),(460,'n/a','',''),(461,'n/a','',''),(462,'n/a','',''),(463,'n/a','',''),(464,'n/a','',''),(465,'n/a','',''),(466,'n/a','',''),(467,'n/a','',''),(468,'n/a','',''),(469,'n/a','',''),(470,'n/a','',''),(471,'n/a','',''),(472,'n/a','',''),(473,'n/a','',''),(474,'n/a','',''),(475,'n/a','',''),(476,'n/a','',''),(477,'n/a','',''),(478,'n/a','',''),(479,'n/a','',''),(480,'n/a','',''),(481,'n/a','',''),(482,'n/a','',''),(483,'n/a','',''),(484,'n/a','',''),(485,'n/a','',''),(486,'n/a','',''),(487,'n/a','',''),(488,'n/a','',''),(489,'n/a','',''),(490,'n/a','',''),(491,'n/a','',''),(492,'n/a','',''),(493,'n/a','',''),(494,'n/a','',''),(495,'n/a','',''),(496,'n/a','',''),(497,'n/a','',''),(498,'n/a','',''),(499,'n/a','',''),(500,'n/a','',''),(501,'n/a','',''),(502,'n/a','',''),(503,'n/a','',''),(504,'n/a','',''),(505,'n/a','',''),(506,'n/a','',''),(507,'n/a','',''),(508,'n/a','',''),(509,'n/a','',''),(510,'n/a','',''),(511,'n/a','',''),(512,'n/a','',''),(513,'n/a','',''),(514,'n/a','',''),(515,'n/a','',''),(516,'n/a','',''),(517,'n/a','',''),(518,'n/a','',''),(519,'n/a','',''),(520,'n/a','',''),(521,'n/a','',''),(522,'n/a','',''),(523,'n/a','',''),(524,'n/a','',''),(525,'n/a','',''),(526,'n/a','',''),(527,'n/a','',''),(528,'n/a','',''),(529,'n/a','',''),(530,'n/a','',''),(531,'n/a','',''),(532,'n/a','',''),(533,'n/a','',''),(534,'n/a (sperma)','',''),(535,'naiwny','',''),(536,'natura','',''),(537,'nisza','',''),(538,'oberża','',''),(539,'ocean','',''),(540,'oferta','',''),(541,'ofiara','',''),(542,'ogórek','',''),(543,'oliwka','',''),(544,'opcja','',''),(545,'opera','',''),(546,'operacja ','',''),(547,'opium','',''),(548,'opozycja','',''),(549,'n/a oprogramowanie','',''),(550,'optymizm','',''),(551,'organy','',''),(552,'orkiestra','',''),(553,'pałac','',''),(554,'panika','',''),(555,'papier','',''),(556,'park','',''),(557,'parodia','',''),(558,'pasta','',''),(559,'pasztet','',''),(560,'patron','',''),(561,'pauza','',''),(562,'pean','',''),(563,'pejzaż','',''),(564,'per','',''),(565,'perła','',''),(566,'peryferia','',''),(567,'pędzel','',''),(568,'piknik','',''),(569,'pingwin','',''),(570,'pistolet','',''),(571,'pizza','',''),(572,'plankton','',''),(573,'plaża','',''),(574,'policja','',''),(575,'polityk','',''),(576,'populacja','',''),(577,'popularny','',''),(578,'pory (plural)','',''),(579,'praktyki','',''),(580,'preferować','',''),(581,'program','',''),(582,'projekt','',''),(583,'prototyp','',''),(584,'punkt','',''),(585,'radio','',''),(586,'rakieta','',''),(587,'rasa','',''),(588,'reagować','',''),(589,'realistyczny','',''),(590,'recepta','',''),(591,'reforma','',''),(592,'regał','',''),(593,'regeneracja','',''),(594,'region','',''),(595,'reguła','',''),(596,'reklamacja','',''),(597,'rekord','',''),(598,'rekrut','',''),(599,'renta','',''),(600,'republika','',''),(601,'rezerwować','',''),(602,'rezultat','',''),(603,'rock','',''),(604,'rodzynek','',''),(605,'róża','',''),(606,'rubryka','',''),(607,'rytm','',''),(608,'rytuał','',''),(609,'ryzyko','',''),(610,'ryzykować','',''),(611,'ryż','',''),(612,'sala','',''),(613,'salto','',''),(614,'sałatka','',''),(615,'saszetka','',''),(616,'sauna','',''),(617,'scena','',''),(618,'sekunda','',''),(619,'semestr','',''),(620,'sens','',''),(621,'seretarz','',''),(622,'serwus','',''),(623,'sexy/seksi?','',''),(624,'skanować','',''),(625,'skecz','',''),(626,'słońce','',''),(627,'socjalny','',''),(628,'sofa','',''),(629,'sól','',''),(630,'spacerować','',''),(631,'sperma','',''),(632,'splendor','',''),(633,'sponsorować','',''),(634,'sporadycznie','',''),(635,'sprzęt','',''),(636,'stadion','',''),(637,'stal','',''),(638,'status','',''),(639,'statystyka','',''),(640,'stempel','',''),(641,'student','',''),(642,'suma','',''),(643,'sylaba','',''),(644,'symbol','',''),(645,'sytuacja','',''),(646,'szantaż','',''),(647,'szef','',''),(648,'szlachtować','',''),(649,'szlagier','',''),(650,'szlochać','',''),(651,'sznur','',''),(652,'szuflada','',''),(653,'szwagier','',''),(654,'szwindel','',''),(655,'szyfr','',''),(656,'szyld?','',''),(657,'talent','',''),(658,'tańczyć','',''),(659,'tekst','',''),(660,'tenis','',''),(661,'teoria','',''),(662,'toaleta','',''),(663,'ton','',''),(664,'tona','',''),(665,'tortura','',''),(666,'tragiczny','',''),(667,'triumf','',''),(668,'tropikalny','',''),(669,'typ','',''),(670,'urna','',''),(671,'waga','',''),(672,'wampir (slav. wąpierz)','',''),(673,'wata','',''),(674,'werdykt','',''),(675,'wizyta','',''),(676,'zero','',''),(677,'zombie','',''),(678,'zoom','',''),(679,'zszokowany','',''),(680,'zupa','',''),(685,'n/a','',''),(688,'instynkt','',''),(689,'klarowny','',''),(693,'lista','',''),(696,'maska','',''),(697,'maskotka','',''),(703,'n/a','',''),(704,'numer','',''),(705,'n/a ','',''),(707,'plan','',''),(708,'poczta','',''),(712,'religia','',''),(714,'n/a','',''),(716,'n/a siodło ?','',''),(717,'n/a','',''),(718,'n/a','',''),(719,'n/a','',''),(720,'n/a','',''),(721,'n/a','',''),(722,'szampon','',''),(726,'wulgarny','',''),(728,'deklarować','',''),(731,'n/a','',''),(734,'anonsować','',''),(736,'atrakcja','',''),(738,'bulwar','',''),(744,'kompletnie','',''),(746,'krab','',''),(748,'niebezpieczny','',''),(751,'detal','',''),(754,'element','',''),(757,'honor','',''),(758,'ignorancki','',''),(760,'n/a','',''),(763,'inwencja','',''),(767,'lekcja?','',''),(771,'magiczny','',''),(774,'misja','',''),(775,'nerwowy','',''),(776,'okupować','',''),(781,'permanentny','',''),(786,'n/a','',''),(788,'progres ?','',''),(790,'prowokacja','',''),(791,'reakcja','',''),(793,'redukować','',''),(795,'','',''),(800,'n/a','',''),(806,'wiza','',''),(809,'kandydat','',''),(811,'szansa','',''),(813,'kuraż','',''),(814,'n/a','',''),(815,'edukacja','',''),(817,'horda','',''),(818,'n/a','',''),(819,'lamentować','',''),(820,'lampa','',''),(821,'panorama','',''),(822,'n/a','',''),(823,'n/a','',''),(824,'n/a','',''),(825,'profesjonalny','',''),(826,'protekcja','',''),(827,'psychologia','',''),(828,'n/a','',''),(829,'n/a','',''),(830,'n/a','',''),(832,'karnacja','',''),(833,'huligan','',''),(836,'n/a','',''),(838,'absolutnie','',''),(842,'n/a','',''),(843,'n/a','',''),(847,'n/a','',''),(851,'alergia','',''),(854,'maltretowanie ?','',''),(855,'pogrom','',''),(858,'n/a','',''),(864,'n/a','',''),(868,'n/a','',''),(869,'impuls','',''),(873,'bateria','',''),(875,'warsztat','',''),(877,'koalicja','',''),(878,'n/a','',''),(879,'kampus','',''),(880,'bojkot','',''),(881,'bojkotować','',''),(882,'narkoza','',''),(884,'rekin','',''),(886,'kryzys','',''),(888,'gafa','',''),(891,'n/a','',''),(893,'atleta','',''),(897,'ekspansja','',''),(898,'lokalny','',''),(903,'formalność','',''),(906,'pejcz','',''),(907,'abażur','',''),(908,'karoca','',''),(910,'korona','',''),(911,'paleta','',''),(912,'butelka','',''),(915,'kopuła','',''),(916,'chirurg','',''),(917,'n/a','',''),(920,'n/a','',''),(922,'pinezka','',''),(923,'telewizja','',''),(924,'palma','',''),(927,'puls','',''),(928,'banan','',''),(929,'pidżama','',''),(931,'skorpion','',''),(935,'termos','',''),(936,'nuta','',''),(938,'balkon','',''),(939,'mata','',''),(940,'n/a','',''),(941,'n/a (Niemcy)','',''),(942,'Polska','',''),(943,'francja','',''),(944,'n/a','',''),(945,'n/a','',''),(946,'n/a','',''),(947,'ja','',''),(948,'ty','',''),(949,'gdzie','',''),(950,'n/a','',''),(951,'kurze stopki','',''),(953,'saga','',''),(954,'czaj','',''),(956,'kiść','',''),(958,'n/a','',''),(959,'n/a','',''),(961,'adres','',''),(964,'kombajn','',''),(965,'klika','',''),(966,'spageti','',''),(967,'hamburger','',''),(968,'parasol (for rain)','',''),(990,'e-mail','',''),(992,'pech','',''),(997,'n/a (bukować)','',''),(998,'woda','',''),(999,'n/a','',''),(1002,'prasa','',''),(1003,'plan','',''),(1004,'fonetyka','',''),(1006,'produkt','',''),(1007,'nowy','',''),(1200,'n/a','',''),(1201,'kawa','',''),(1202,'bogaty','',''),(1217,'programista','',''),(1221,'demokracja','',''),(1227,'hochsztapler','',''),(1245,'dystopia','',''),(1246,'utopia','',''),(1248,'Rosja','',''),(1249,'praktykant','',''),(1250,'stopa','',''),(1252,'asfalt','',''),(1253,'stek','',''),(1254,'oaza','',''),(1255,'apartament','',''),(1256,'skuter','',''),(1257,'internet','',''),(1258,'n/a','',''),(1259,'drukarka','',''),(1260,'druk','',''),(1261,'sweter','','');
/*!40000 ALTER TABLE `polish` ENABLE KEYS */;
UNLOCK TABLES;

--
-- Table structure for table `russian`
--

DROP TABLE IF EXISTS `russian`;
/*!40101 SET @saved_cs_client     = @@character_set_client */;
/*!40101 SET character_set_client = utf8 */;
CREATE TABLE `russian` (
  `Id` int(11) NOT NULL,
  `Text` text CHARACTER SET utf8 NOT NULL,
  `Details` text NOT NULL,
  `Usage` text NOT NULL,
  UNIQUE KEY `Id` (`Id`),
  CONSTRAINT `russian_ibfk_1` FOREIGN KEY (`Id`) REFERENCES `word` (`Id`)
) ENGINE=InnoDB DEFAULT CHARSET=latin1;
/*!40101 SET character_set_client = @saved_cs_client */;

--
-- Dumping data for table `russian`
--

LOCK TABLES `russian` WRITE;
/*!40000 ALTER TABLE `russian` DISABLE KEYS */;
INSERT INTO `russian` (`Id`, `Text`, `Details`, `Usage`) VALUES (1,'абсолютный','',''),(2,'банальный','',''),(3,'брутальный','',''),(4,'n/a','',''),(5,'деликатный','',''),(6,'элегантный','',''),(7,'n/a','',''),(8,'n/a','',''),(9,'интеллигентный','',''),(10,'интенсивный','',''),(11,'n/a','',''),(12,'n/a','',''),(13,'n/a','',''),(14,'n/a','',''),(15,'n/a','',''),(16,'n/a','',''),(17,'n/a','',''),(18,'n/a','',''),(19,'n/a','',''),(20,'гуманный','',''),(21,'нормальный','',''),(22,'комплексированный','',''),(23,'стабильный','',''),(24,'супер','',''),(25,'n/a','',''),(26,'агрессивный','',''),(27,'n/a','',''),(28,'n/a','',''),(29,'n/a','',''),(30,'n/a','',''),(31,'n/a','',''),(32,'абсурдный','',''),(33,'n/a','',''),(34,'n/a','',''),(35,'n/a','',''),(36,'абсолютный','',''),(37,'n/a','',''),(38,'n/a','',''),(39,'n/a','',''),(40,'n/a','',''),(41,'позитивный','',''),(42,'n/a','',''),(43,'n/a','',''),(44,'n/a','',''),(45,'аттракционный (related to attractions such as in a circus, theme park)','',''),(46,'энергетический','',''),(47,'n/a','',''),(48,'n/a','',''),(49,'n/a','',''),(50,'n/a','',''),(51,'n/a','',''),(52,'n/a','',''),(53,'эпический','',''),(54,'официальный','',''),(55,'релативный','',''),(56,' шикарный','',''),(57,'n/a','',''),(58,'n/a','',''),(59,'брутально','',''),(60,'дефинитивно','',''),(61,'экзактно','',''),(62,'пунктуально','',''),(63,'перфидно (obsolete)','',''),(64,'n/a','',''),(65,'n/a','',''),(66,'этикет','',''),(67,'n/a','',''),(68,'n/a','',''),(69,'фут (the English unit of length)','',''),(70,'n/a','',''),(71,'абстракция','',''),(72,'абстиненция','',''),(73,'абстинент','',''),(74,'n/a','',''),(75,'аплодисмент','',''),(76,' аптека ','',''),(77,'аспирин','',''),(78,'атака','',''),(79,'база','',''),(80,'библиотека','',''),(81,'церемония','',''),(82,'характер','',''),(84,'n/a','',''),(85,'дельфин','',''),(86,'демон','',''),(87,'диалект','',''),(88,'диамант','',''),(89,'документ','',''),(91,'дуршлаг','',''),(92,'этикетка','',''),(93,'фиаско','',''),(94,'флотилия','',''),(95,'фрагмент','',''),(96,'фрустрация','',''),(97,'n/a','',''),(98,'функция','',''),(99,'футбол','',''),(100,'галерея','',''),(102,'жест','',''),(103,'гну','',''),(104,'отель (more often: гостиница)','',''),(105,'интрига','',''),(106,'кандидатура','',''),(109,'код','',''),(110,'коллекция','',''),(111,'n/a','',''),(112,'комбинация','',''),(113,'компромис','',''),(114,'контейнер','',''),(115,'костюм','',''),(117,'крават (not the same as tie)','',''),(118,'креатура (false friend)','',''),(119,'круцификс','',''),(120,'крипта','',''),(121,'n/a','',''),(122,'легенда','',''),(123,'лимит','',''),(125,'мебель','',''),(126,'микрофон','',''),(128,'n/a','',''),(129,'n/a','',''),(130,'абрикос','',''),(131,'эквивалент','',''),(132,'дракон','',''),(133,'айсберг','',''),(134,'n/a','',''),(135,'ангел','',''),(136,'экскурсия','',''),(139,'n/a','',''),(140,'молоко','',''),(141,'монстр','',''),(142,'n/a','',''),(143,'n/a','',''),(144,'луна (more often: месяц)','',''),(145,'n/a','',''),(146,'n/a','',''),(147,'n/a','',''),(148,'фармация (science)','',''),(149,'','',''),(150,'n/a','',''),(151,'n/a','',''),(152,'буржуа','',''),(153,'n/a','',''),(154,'n/a','',''),(155,'сигарета','',''),(156,'n/a','',''),(157,'ночь','',''),(159,'нос','',''),(160,'объект','',''),(161,'омлет','',''),(162,'овация','',''),(163,'парламент','',''),(166,'персонал','',''),(167,'планета','',''),(168,'политика','',''),(170,'позиция','',''),(171,'процесс','',''),(172,'n/a','',''),(173,'рубин','',''),(174,'секрет','',''),(175,'сезон','',''),(176,'станция','',''),(177,'старт','',''),(178,'страйк (in bowling, baseball, economics)','',''),(179,'сабвуфер','',''),(180,'симптом','',''),(181,'скелет','',''),(182,'шторм (at sea) / штурм (at an enemy)','',''),(183,'n/a','',''),(184,'таблица (one showing data) ','',''),(185,'n/a','',''),(186,'трагедия','',''),(187,'туннель, тоннель, тунель (architecture, IT, piercing)','',''),(188,'тигр','',''),(189,'увертура','',''),(190,'вализа (for mail)','',''),(191,'n/a','',''),(192,'винкель (old word for a set square)','',''),(193,'вино','',''),(194,'волонтёр','',''),(195,'n/a','',''),(196,'зенит','',''),(277,'   null','',''),(278,'американский','',''),(279,'n/a','',''),(280,'анатомия','',''),(281,'анекдот','',''),(282,'английский','',''),(283,'анкета','',''),(284,'архив','',''),(285,'армия','',''),(286,'астма','',''),(287,'n/a','',''),(288,'автобиография','',''),(289,'балласт','',''),(290,'бамбук','',''),(292,'банк','',''),(302,'цель','',''),(322,'экзамен','',''),(332,'Европа','',''),(344,'фильм','',''),(379,'информация','',''),(381,'инвестировать','',''),(402,'кот','',''),(612,'зал','',''),(640,'штемпель / штамп','',''),(641,'студент','',''),(642,'сумма','',''),(644,'символ','',''),(645,'ситуация','',''),(646,'шантаж','',''),(647,'шеф (boss) / шеф-повар (head cook)','',''),(655,'шифр','',''),(656,'шильдик (usu made of metal, e.g. on cars)','',''),(657,'талант','',''),(658,'танцевать','',''),(659,'текст','',''),(660,'теннис','',''),(661,'теория','',''),(662,'туалет','',''),(663,'тон (applies to colour, sound, etc.)','',''),(664,'тонна','',''),(665,'n/a','',''),(666,'трагический','',''),(667,'триумф','',''),(668,'тропический','',''),(669,'тип','',''),(670,'урна (for waste, ashes, ballots)','',''),(671,'n/a','',''),(672,'вампир','',''),(673,'вата','',''),(674,'вердикт','',''),(675,'визит/посещение','',''),(676,'n/a (ноль)','',''),(677,'зомби','',''),(678,'зум','',''),(679,'шокированный','',''),(680,'суп','',''),(685,'n/a','',''),(688,'инстинкт','',''),(689,'n/a','',''),(693,'лист (leaf/sheet of paper)','',''),(696,'маска','',''),(697,'маскот (e.g. of a club)','',''),(703,'нуль','',''),(704,'номер','',''),(707,'план','',''),(708,'почта','',''),(710,'квази-','',''),(712,'религия','',''),(722,'шампунь','',''),(726,'вульгарный','',''),(736,'атракция','',''),(738,'бульвар','',''),(746,'краб','',''),(751,'деталь','',''),(754,'элемент','',''),(770,'мадам','',''),(771,'магический','',''),(775,'нервный','',''),(781,'перманентный','',''),(787,'профит','',''),(788,'прогресс','',''),(790,'провокация','',''),(791,'реакция','',''),(793,'редуцировать','',''),(806,'виза','',''),(809,'кандидат','',''),(811,'шанс','',''),(817,'орда','',''),(819,'ламентировать','',''),(820,'лампа','',''),(821,'панорама','',''),(825,'профессиональный','',''),(826,'протекция','',''),(827,' психология','',''),(833,'хулиган','',''),(836,'n/a','',''),(837,'абревиатура','',''),(838,'абсолютно','',''),(851,'аллергия','',''),(940,'n/a','',''),(947,'я','',''),(948,'ты','',''),(954,'чай','',''),(956,'кисть','',''),(958,'n/a','',''),(998,'вода́','',''),(1201,'кофе','',''),(1202,'богатый','',''),(1248,' Россия','',''),(1250,'стопа','',''),(1254,'оазис','','');
/*!40000 ALTER TABLE `russian` ENABLE KEYS */;
UNLOCK TABLES;

--
-- Table structure for table `spanish`
--

DROP TABLE IF EXISTS `spanish`;
/*!40101 SET @saved_cs_client     = @@character_set_client */;
/*!40101 SET character_set_client = utf8 */;
CREATE TABLE `spanish` (
  `Id` int(11) NOT NULL,
  `Text` text CHARACTER SET utf8 NOT NULL,
  `Details` text NOT NULL,
  `Usage` text NOT NULL,
  UNIQUE KEY `Id` (`Id`)
) ENGINE=InnoDB DEFAULT CHARSET=latin1;
/*!40101 SET character_set_client = @saved_cs_client */;

--
-- Dumping data for table `spanish`
--

LOCK TABLES `spanish` WRITE;
/*!40000 ALTER TABLE `spanish` DISABLE KEYS */;
INSERT INTO `spanish` (`Id`, `Text`, `Details`, `Usage`) VALUES (3,'brutal','',''),(4,'n/a (debil - weak)','',''),(7,'(bueno or buena)','',''),(10,'intenso','',''),(11,'bizarre','',''),(12,'difícil ','',''),(18,'rápido / rápida','',''),(22,'complicado','',''),(29,'excepcional','',''),(33,'tranquilo','',''),(39,'n/a humido','',''),(40,'horrible','',''),(41,'positivo','',''),(42,'modesto','',''),(43,'superficial','',''),(44,'generoso or a','',''),(47,'fuerte','',''),(48,'raro','',''),(49,'tremendo','',''),(50,'cruel','',''),(51,'posible','',''),(57,'grave','',''),(61,'exactamente','',''),(62,'puntualmente','',''),(70,'n/a (dios)','',''),(75,'aplauso','',''),(82,'carácter el','',''),(85,'delfin','',''),(86,'demonio el','',''),(98,'función','',''),(102,'gesto el','',''),(118,'criatura la','',''),(121,'cortina la','',''),(122,'leyenda la','',''),(132,'dragón','',''),(133,'iceberg el','',''),(134,'elefante ','',''),(139,'n/a','',''),(140,'n/a (leche)','',''),(142,'n/a','',''),(143,'flor la','',''),(144,'luna la','',''),(145,'mano la','',''),(146,'ordenador el','',''),(149,'pie el','',''),(150,'ponzoña la','',''),(157,'n/a (noche)','',''),(162,'ovación','',''),(164,'padre','',''),(167,'planeta el','',''),(175,'n/a','',''),(182,'n/a','',''),(183,'n/a','',''),(186,'tragedia la','',''),(192,'n/a','',''),(193,'vino','',''),(199,'zigzag','',''),(210,'ídolo el','',''),(211,'nivel el','',''),(212,'individuo el','',''),(213,'defecto el','',''),(217,'dama la','',''),(221,'n/a','',''),(224,'n/a','',''),(225,'votar','',''),(247,'n/a','',''),(248,'gris','',''),(259,'músculo ','',''),(261,'tanque','',''),(274,'acento el','',''),(278,'americano or americana','',''),(279,'amor','',''),(280,'anatomía','',''),(282,'inglés','',''),(287,'el auto','',''),(289,'n/a','',''),(292,'banca','',''),(299,'bomba la','',''),(301,'burdel el','',''),(304,'n/a (rienda la)','',''),(315,'diablo','',''),(322,'examen','',''),(324,'equipo el','',''),(338,'fachada','',''),(347,'n/a','',''),(358,'generación','',''),(368,'n/a','',''),(370,'hipnosis','',''),(371,'idea','',''),(373,'idiota el / la','',''),(386,'cable el','',''),(388,'calendario','',''),(393,'carnaval el','',''),(394,'n/a','',''),(407,'n/a (ordenador)','',''),(418,'cocodrilo el','',''),(424,'león ','',''),(434,'mes','',''),(437,'miel','',''),(446,'adjetivo','',''),(450,'banco','',''),(451,'n/a','',''),(452,'n/a (cama)','',''),(454,'n/a (azul)','',''),(461,'directo or directa','',''),(468,'n/a (amigo)','',''),(470,'n/a','',''),(475,'bienvenida','',''),(476,'causa','',''),(477,'causa','',''),(478,'ceniza','',''),(479,'cielo','',''),(480,'diccionario','',''),(484,'libro','',''),(487,'mundo el','',''),(488,'muerte','',''),(489,'pluma','',''),(492,'n/a (tormenta la)','',''),(493,'tímido','',''),(494,'taureau','',''),(495,'velo','',''),(502,'victoria la','',''),(503,'confuso','',''),(519,'estrella','',''),(523,'té ','',''),(528,'n/a','',''),(567,'pincel','',''),(570,'pistoleta?','',''),(575,'politico','',''),(577,'popular','',''),(578,'poro el','',''),(585,'radio la','',''),(593,'regeneración','',''),(613,'salto el','',''),(614,'ensalada el','',''),(626,'el sol','',''),(627,'social','',''),(628,'sofá el','',''),(639,'estadística','',''),(641,'estudiante el','',''),(644,'simbolo','',''),(648,'n/a','',''),(657,'talento','',''),(671,'n/a','',''),(672,'el vampiro','',''),(680,'sopa','',''),(685,'n/a','',''),(698,'comprender','',''),(700,'accidente el /aksidente/','',''),(705,'n/a (naranja)','',''),(751,'detalle el','',''),(759,'importante','',''),(779,'pintor','',''),(806,'visado el','',''),(818,'insistir','',''),(821,'panorama el','',''),(826,'protección la','',''),(832,'color carne','',''),(840,'chimenea','',''),(841,'ira','',''),(842,'fresa la','',''),(847,'complot el','',''),(849,'esencial','',''),(850,'reunión','',''),(851,'alergia','',''),(852,'lenguaje el','',''),(853,'lengua la','',''),(854,'maltrato el','',''),(856,'entre','',''),(858,'camino el','',''),(859,'descripción la','',''),(861,'vano','',''),(862,'serio','',''),(863,'describir','',''),(864,'fácil','',''),(865,'inútil','',''),(866,'urgente','',''),(868,'triste','',''),(869,'impulso el','',''),(870,'sutil','',''),(871,'favor el','',''),(872,'permiso el','',''),(873,'batería ','',''),(878,'comenzar','',''),(879,'dilema','',''),(880,'boicot el ?','',''),(881,'boicotear','',''),(883,'champiñón','',''),(886,'crisis la','',''),(891,'país el ','',''),(892,'tratar','',''),(893,'atleta el','',''),(895,'sentir','',''),(897,'expansión','',''),(898,'local','',''),(899,'isla la','',''),(908,'carozza la','',''),(909,'pupila la','',''),(910,'corona la','',''),(911,'paleta la','',''),(912,'botella la','',''),(913,'estómago ','',''),(914,'esponja la','',''),(915,'cópula la','',''),(917,'iris el','',''),(924,'palma la','',''),(925,'cube le','',''),(927,'pulso el','',''),(933,'hierba la','',''),(934,'gota la','',''),(940,'dios','',''),(944,'amigo / amiga','',''),(945,'n/a','',''),(947,'n/a','',''),(948,'n/a','',''),(949,'n/a','',''),(951,'patas de gallo (rooster feet)','',''),(954,'n/a','',''),(958,'casa la','',''),(959,'agua el','',''),(961,'n/a','',''),(968,'parasol el','',''),(992,'n/a','',''),(999,'tren el','',''),(1201,'café ','',''),(1202,'n/a','','');
/*!40000 ALTER TABLE `spanish` ENABLE KEYS */;
UNLOCK TABLES;

--
-- Table structure for table `swedish`
--

DROP TABLE IF EXISTS `swedish`;
/*!40101 SET @saved_cs_client     = @@character_set_client */;
/*!40101 SET character_set_client = utf8 */;
CREATE TABLE `swedish` (
  `Id` int(11) NOT NULL,
  `Text` text NOT NULL,
  `Details` text CHARACTER SET latin1 NOT NULL,
  `Usage` text CHARACTER SET latin1 NOT NULL,
  UNIQUE KEY `Id` (`Id`)
) ENGINE=InnoDB DEFAULT CHARSET=utf8;
/*!40101 SET character_set_client = @saved_cs_client */;

--
-- Dumping data for table `swedish`
--

LOCK TABLES `swedish` WRITE;
/*!40000 ALTER TABLE `swedish` DISABLE KEYS */;
/*!40000 ALTER TABLE `swedish` ENABLE KEYS */;
UNLOCK TABLES;

--
-- Table structure for table `type`
--

DROP TABLE IF EXISTS `type`;
/*!40101 SET @saved_cs_client     = @@character_set_client */;
/*!40101 SET character_set_client = utf8 */;
CREATE TABLE `type` (
  `Id` int(11) NOT NULL,
  `Name` text NOT NULL,
  `Short` tinytext NOT NULL,
  PRIMARY KEY (`Id`)
) ENGINE=InnoDB DEFAULT CHARSET=latin1;
/*!40101 SET character_set_client = @saved_cs_client */;

--
-- Dumping data for table `type`
--

LOCK TABLES `type` WRITE;
/*!40000 ALTER TABLE `type` DISABLE KEYS */;
INSERT INTO `type` (`Id`, `Name`, `Short`) VALUES (1,'Noun','N'),(2,'Verb','V'),(3,'Adjective','Adj'),(4,'Adverb','Adv'),(6,'Pronoun','PN'),(7,'Preposition','PRE'),(8,'',''),(9,'Proper noun','PRN'),(10,'False friend','FF'),(11,'Phrase','PH'),(12,'',''),(13,'',''),(14,'',''),(15,'',''),(16,'','');
/*!40000 ALTER TABLE `type` ENABLE KEYS */;
UNLOCK TABLES;

--
-- Table structure for table `word`
--

DROP TABLE IF EXISTS `word`;
/*!40101 SET @saved_cs_client     = @@character_set_client */;
/*!40101 SET character_set_client = utf8 */;
CREATE TABLE `word` (
  `Id` int(11) NOT NULL AUTO_INCREMENT,
  `TypeId` int(11) DEFAULT '1',
  `Comment` text NOT NULL,
  `Level` int(11) DEFAULT NULL,
  `CreatedOn` date NOT NULL,
  `ModifiedOn` date NOT NULL,
  PRIMARY KEY (`Id`)
) ENGINE=InnoDB AUTO_INCREMENT=1262 DEFAULT CHARSET=utf8;
/*!40101 SET character_set_client = @saved_cs_client */;

--
-- Dumping data for table `word`
--

LOCK TABLES `word` WRITE;
/*!40000 ALTER TABLE `word` DISABLE KEYS */;
INSERT INTO `word` (`Id`, `TypeId`, `Comment`, `Level`, `CreatedOn`, `ModifiedOn`) VALUES (1,3,'absolute',2,'0000-00-00','0000-00-00'),(2,3,'banal (easy)',2,'0000-00-00','0000-00-00'),(3,3,'brutal',2,'0000-00-00','0000-00-00'),(4,3,'stupid (debil-)',2,'0000-00-00','0000-00-00'),(5,3,'delicate',2,'0000-00-00','0000-00-00'),(6,3,'elegant',3,'0000-00-00','0000-00-00'),(7,3,'good (germanic)',1,'0000-00-00','0000-00-00'),(8,3,'to congratulate (fix type)',2,'0000-00-00','0000-00-00'),(9,3,'intelligent',2,'0000-00-00','0000-00-00'),(10,3,'intesive',2,'0000-00-00','0000-00-00'),(11,3,'weird',2,'0000-00-00','0000-00-00'),(12,3,'difficult',1,'0000-00-00','0000-00-00'),(13,3,'double',1,'0000-00-00','0000-00-00'),(14,3,'far (distance)',1,'0000-00-00','0000-00-00'),(15,3,'fresh',1,'0000-00-00','0000-00-00'),(16,3,'modern',2,'0000-00-00','0000-00-00'),(17,3,'brief, short',2,'0000-00-00','0000-00-00'),(18,3,'fast',2,'0000-00-00','0000-00-00'),(19,3,'rich',2,'0000-00-00','0000-00-00'),(20,3,'humane',1,'0000-00-00','0000-00-00'),(21,3,'normal',1,'0000-00-00','0000-00-00'),(22,3,'complicated',1,'0000-00-00','0000-00-00'),(23,3,'stable',2,'0000-00-00','0000-00-00'),(24,3,'super',1,'0000-00-00','0000-00-00'),(25,3,'voluntary',3,'0000-00-00','0000-00-00'),(26,3,'aggressive',2,'0000-00-00','0000-00-00'),(27,3,'amusing',2,'0000-00-00','0000-00-00'),(28,3,'direct',2,'0000-00-00','0000-00-00'),(29,3,'exceptional',2,'0000-00-00','0000-00-00'),(30,3,'polite',2,'0000-00-00','0000-00-00'),(31,3,'ridiculous',2,'0000-00-00','0000-00-00'),(32,3,'absurd',3,'0000-00-00','0000-00-00'),(33,3,'tranquil, calm',1,'0000-00-00','0000-00-00'),(34,3,'abrupt',3,'0000-00-00','0000-00-00'),(35,3,'absent',2,'0000-00-00','0000-00-00'),(36,3,'absolute',2,'0000-00-00','0000-00-00'),(37,3,'absorbent',2,'0000-00-00','0000-00-00'),(38,3,'strict',2,'0000-00-00','0000-00-00'),(39,3,'humble',2,'0000-00-00','0000-00-00'),(40,3,'horrible',1,'0000-00-00','0000-00-00'),(41,3,'positive',1,'0000-00-00','0000-00-00'),(42,3,'modest',2,'0000-00-00','0000-00-00'),(43,3,'superficial',2,'0000-00-00','0000-00-00'),(44,3,'generous',2,'0000-00-00','0000-00-00'),(45,3,'attractive',1,'0000-00-00','0000-00-00'),(46,3,'energetic',2,'0000-00-00','0000-00-00'),(47,3,'strong',1,'0000-00-00','0000-00-00'),(48,3,'rare',2,'0000-00-00','0000-00-00'),(49,3,'tremendous',3,'0000-00-00','0000-00-00'),(50,3,'cruel',2,'0000-00-00','0000-00-00'),(51,3,'possible',1,'0000-00-00','0000-00-00'),(52,3,'different',1,'0000-00-00','0000-00-00'),(53,3,'epic',3,'0000-00-00','0000-00-00'),(54,3,'official',2,'0000-00-00','0000-00-00'),(55,3,'relative',2,'0000-00-00','0000-00-00'),(56,3,'chic',3,'0000-00-00','0000-00-00'),(57,3,'grave',2,'0000-00-00','0000-00-00'),(58,4,'presently (false friend in eng)',2,'0000-00-00','0000-00-00'),(59,4,'brutally',2,'0000-00-00','0000-00-00'),(60,4,'definitely',2,'0000-00-00','0000-00-00'),(61,4,'exactly',2,'0000-00-00','0000-00-00'),(62,4,'punctual',2,'0000-00-00','0000-00-00'),(63,4,'perfidiously',3,'0000-00-00','0000-00-00'),(64,4,'direct (latin root)',2,'0000-00-00','0000-00-00'),(65,1,'alias',2,'0000-00-00','0000-00-00'),(66,1,'behavior',3,'0000-00-00','0000-00-00'),(67,1,'frog (animal)',2,'0000-00-00','0000-00-00'),(68,1,'fox (animal)',2,'0000-00-00','0000-00-00'),(69,1,'foot (anatomy)',1,'0000-00-00','0000-00-00'),(70,1,'god (germanic languages)',2,'0000-00-00','0000-00-00'),(71,1,'abstraction',3,'0000-00-00','0000-00-00'),(72,1,'abstinance',3,'0000-00-00','0000-00-00'),(73,1,'abstinent',3,'0000-00-00','0000-00-00'),(74,1,'admiration',3,'0000-00-00','0000-00-00'),(75,1,'applause',3,'0000-00-00','0000-00-00'),(76,1,'pharmacy',1,'0000-00-00','0000-00-00'),(77,1,'check if valid!',2,'0000-00-00','0000-00-00'),(78,1,'attack (mark different collocations)!',2,'0000-00-00','0000-00-00'),(79,1,'base',2,'0000-00-00','0000-00-00'),(80,1,'library (biblio)',2,'0000-00-00','0000-00-00'),(81,1,'ceremony',3,'0000-00-00','0000-00-00'),(82,1,'character',1,'0000-00-00','0000-00-00'),(83,1,'clock face',3,'0000-00-00','0000-00-00'),(84,1,'decision',2,'0000-00-00','0000-00-00'),(85,1,'dolphin (animal)',2,'0000-00-00','0000-00-00'),(86,1,'demon (folklore)',2,'0000-00-00','0000-00-00'),(87,1,'dialect',2,'0000-00-00','0000-00-00'),(88,1,'diamond',2,'0000-00-00','0000-00-00'),(89,1,'document',2,'0000-00-00','0000-00-00'),(90,1,'drogerie - false friend????',3,'0000-00-00','0000-00-00'),(91,1,'colander (dur-)',3,'0000-00-00','0000-00-00'),(92,1,'label (et-)',3,'0000-00-00','0000-00-00'),(93,1,'fiasco (failure)',3,'0000-00-00','0000-00-00'),(94,1,'ships',3,'0000-00-00','0000-00-00'),(95,1,'fragment',2,'0000-00-00','0000-00-00'),(96,1,'frustration',2,'0000-00-00','0000-00-00'),(97,1,'haircut',2,'0000-00-00','0000-00-00'),(98,1,'function',2,'0000-00-00','0000-00-00'),(99,1,'football',1,'0000-00-00','0000-00-00'),(100,1,'gallery of art',1,'0000-00-00','0000-00-00'),(101,1,'earnings',2,'0000-00-00','0000-00-00'),(102,1,'gesture',2,'0000-00-00','0000-00-00'),(103,1,'animal',3,'0000-00-00','0000-00-00'),(104,1,'hotel',1,'0000-00-00','0000-00-00'),(105,1,'intrigue',3,'0000-00-00','0000-00-00'),(106,1,'kandydatura nie kandydacja!',3,'0000-00-00','0000-00-00'),(107,1,'cigarette butt (pet)',3,'0000-00-00','0000-00-00'),(108,1,'pub or bar',3,'0000-00-00','0000-00-00'),(109,1,'code/cypher',2,'0000-00-00','0000-00-00'),(110,1,'collection',1,'0000-00-00','0000-00-00'),(111,1,'color',1,'0000-00-00','0000-00-00'),(112,1,'combination !',2,'0000-00-00','0000-00-00'),(113,1,'compromise',3,'0000-00-00','0000-00-00'),(114,1,'kontener (śmieci) !!',3,'0000-00-00','0000-00-00'),(115,1,'kostium (po francusku także garnitur)',2,'0000-00-00','0000-00-00'),(116,1,'things, stuff',3,'0000-00-00','0000-00-00'),(117,1,'tie (cr-)',2,'0000-00-00','0000-00-00'),(118,1,'creature',2,'0000-00-00','0000-00-00'),(119,1,'cross',3,'0000-00-00','0000-00-00'),(120,1,'crypt',3,'0000-00-00','0000-00-00'),(121,1,'curtain',2,'0000-00-00','0000-00-00'),(122,1,'legend',2,'0000-00-00','0000-00-00'),(123,1,'limit',2,'0000-00-00','0000-00-00'),(124,1,'gap  ?',3,'0000-00-00','0000-00-00'),(125,1,'furniture (meb-)',1,'0000-00-00','0000-00-00'),(126,1,'mikrofon',2,'0000-00-00','0000-00-00'),(127,1,'mina (wyraz twarzy)',2,'0000-00-00','0000-00-00'),(128,1,'anguish (! mark differences)',2,'0000-00-00','0000-00-00'),(129,1,'apple (fruit)',1,'0000-00-00','0000-00-00'),(130,1,'apricot',3,'0000-00-00','0000-00-00'),(131,1,'equivalent',3,'0000-00-00','0000-00-00'),(132,1,'dragon',2,'0000-00-00','0000-00-00'),(133,1,'iceberg',3,'0000-00-00','0000-00-00'),(134,1,'elephant',3,'0000-00-00','0000-00-00'),(135,1,'angel',2,'0000-00-00','0000-00-00'),(136,1,'excursion (trip)',3,'0000-00-00','0000-00-00'),(138,1,'meat/body',2,'0000-00-00','0000-00-00'),(139,1,'hand (germanic)',1,'0000-00-00','0000-00-00'),(140,1,'milk',1,'0000-00-00','0000-00-00'),(141,1,'monster',2,'0000-00-00','0000-00-00'),(142,1,'flood',3,'0000-00-00','0000-00-00'),(143,1,'flower',1,'0000-00-00','0000-00-00'),(144,1,'moon (romantic)',1,'0000-00-00','0000-00-00'),(145,1,'hand (romantic)',1,'0000-00-00','0000-00-00'),(146,1,'computer (romance)',1,'0000-00-00','0000-00-00'),(147,1,'patience',2,'0000-00-00','0000-00-00'),(148,1,'pharmacy',1,'0000-00-00','0000-00-00'),(149,1,'foot (romance)',1,'0000-00-00','0000-00-00'),(150,1,'poison',2,'0000-00-00','0000-00-00'),(151,1,'nephew',2,'0000-00-00','0000-00-00'),(152,1,'bourgeois',3,'0000-00-00','0000-00-00'),(153,1,'easter',2,'0000-00-00','0000-00-00'),(154,1,'swarm',3,'0000-00-00','0000-00-00'),(155,1,'cigarette',1,'0000-00-00','0000-00-00'),(156,1,'exception',2,'0000-00-00','0000-00-00'),(157,1,'night',1,'0000-00-00','0000-00-00'),(159,1,'nose',1,'0000-00-00','0000-00-00'),(160,1,'object',1,'0000-00-00','0000-00-00'),(161,1,'omelett',2,'0000-00-00','0000-00-00'),(162,1,'ovation',3,'0000-00-00','0000-00-00'),(163,1,'parliament',1,'0000-00-00','0000-00-00'),(164,1,'check what word should be here?',1,'0000-00-00','0000-00-00'),(165,1,'perfidy ?',3,'0000-00-00','0000-00-00'),(166,1,'staff (pers-)',2,'0000-00-00','0000-00-00'),(167,1,'planet',1,'0000-00-00','0000-00-00'),(168,1,'politics',2,'0000-00-00','0000-00-00'),(169,1,'novel',2,'0000-00-00','0000-00-00'),(170,1,'position',2,'0000-00-00','0000-00-00'),(171,1,'process',2,'0000-00-00','0000-00-00'),(172,1,'respect',2,'0000-00-00','0000-00-00'),(173,1,'ruby (mineral)',2,'0000-00-00','0000-00-00'),(174,1,'secret',2,'0000-00-00','0000-00-00'),(175,1,'season(tv series?)',1,'0000-00-00','0000-00-00'),(176,1,'station',2,'0000-00-00','0000-00-00'),(177,1,'start',1,'0000-00-00','0000-00-00'),(178,1,'strike',2,'0000-00-00','0000-00-00'),(179,1,'subwoofer',3,'0000-00-00','0000-00-00'),(180,1,'symptom',2,'0000-00-00','0000-00-00'),(181,1,'skeleton',2,'0000-00-00','0000-00-00'),(182,1,'storm (diff semantic field in pl)!',2,'0000-00-00','0000-00-00'),(183,1,'shift (work)',2,'0000-00-00','0000-00-00'),(184,1,'table',NULL,'0000-00-00','0000-00-00'),(185,1,'team',2,'0000-00-00','0000-00-00'),(186,1,'tragedy',2,'0000-00-00','0000-00-00'),(187,1,'tunnel',NULL,'0000-00-00','0000-00-00'),(188,1,'tiger (animal)',NULL,'0000-00-00','0000-00-00'),(189,1,'overture (music)',3,'0000-00-00','0000-00-00'),(190,1,'luggage',3,'0000-00-00','0000-00-00'),(191,1,'worth',2,'0000-00-00','0000-00-00'),(192,1,'corner',NULL,'0000-00-00','0000-00-00'),(193,1,'wine',1,'0000-00-00','0000-00-00'),(194,1,'volunteer',3,'0000-00-00','0000-00-00'),(195,1,'wreck',3,'0000-00-00','0000-00-00'),(196,1,'zenith',2,'0000-00-00','0000-00-00'),(197,1,'zodiac',3,'0000-00-00','0000-00-00'),(198,1,'zoo',2,'0000-00-00','0000-00-00'),(199,1,'zigzag',3,'0000-00-00','0000-00-00'),(200,1,'duel',NULL,'0000-00-00','0000-00-00'),(201,1,'concubinage',NULL,'0000-00-00','0000-00-00'),(202,1,'singsong (also adjective)',NULL,'0000-00-00','0000-00-00'),(203,1,'error',NULL,'0000-00-00','0000-00-00'),(204,1,'flame',NULL,'0000-00-00','0000-00-00'),(205,1,'force',NULL,'0000-00-00','0000-00-00'),(206,1,'bear',2,'0000-00-00','0000-00-00'),(207,1,'establishment',NULL,'0000-00-00','0000-00-00'),(208,1,'absolute',NULL,'0000-00-00','0000-00-00'),(209,1,'abuse',2,'0000-00-00','0000-00-00'),(210,1,'idol',1,'0000-00-00','0000-00-00'),(211,1,'level',NULL,'0000-00-00','0000-00-00'),(212,1,'individual',1,'0000-00-00','0000-00-00'),(213,1,'defect',2,'0000-00-00','0000-00-00'),(214,1,'passion',2,'0000-00-00','0000-00-00'),(215,1,'space',1,'0000-00-00','0000-00-00'),(216,1,'poverty',2,'0000-00-00','0000-00-00'),(217,1,'lady',NULL,'0000-00-00','0000-00-00'),(218,9,'Spain',1,'0000-00-00','0000-00-00'),(219,1,'orangutan',3,'0000-00-00','0000-00-00'),(220,9,'Sweden',1,'0000-00-00','0000-00-00'),(221,2,'fill',2,'0000-00-00','0000-00-00'),(222,2,'concentrate',NULL,'0000-00-00','0000-00-00'),(223,2,'abseil',3,'0000-00-00','0000-00-00'),(224,2,'hold',NULL,'0000-00-00','0000-00-00'),(225,2,'vote',2,'0000-00-00','0000-00-00'),(226,2,'strangle',NULL,'0000-00-00','0000-00-00'),(227,2,'piss',3,'0000-00-00','0000-00-00'),(228,2,'damage',2,'0000-00-00','0000-00-00'),(229,2,'mock',2,'0000-00-00','0000-00-00'),(230,2,'present',2,'0000-00-00','0000-00-00'),(231,2,'respect',2,'0000-00-00','0000-00-00'),(232,2,'strike',2,'0000-00-00','0000-00-00'),(233,2,'visit',2,'0000-00-00','0000-00-00'),(234,2,'repair',2,'0000-00-00','0000-00-00'),(235,2,'continue',2,'0000-00-00','0000-00-00'),(236,2,'force',2,'0000-00-00','0000-00-00'),(237,2,'surf',2,'0000-00-00','0000-00-00'),(238,2,'approach',3,'0000-00-00','0000-00-00'),(239,2,'abuse',2,'0000-00-00','0000-00-00'),(240,1,'anxiety',2,'0000-00-00','0000-00-00'),(241,1,'ash',3,'0000-00-00','0000-00-00'),(242,1,'forest',NULL,'0000-00-00','0000-00-00'),(243,3,'free',1,'0000-00-00','0000-00-00'),(244,1,'frost',NULL,'0000-00-00','0000-00-00'),(245,1,'glass',NULL,'0000-00-00','0000-00-00'),(246,1,'grade, degree (check!)',NULL,'0000-00-00','0000-00-00'),(247,1,'grass',NULL,'0000-00-00','0000-00-00'),(248,3,'gray',NULL,'0000-00-00','0000-00-00'),(249,1,'grin',NULL,'0000-00-00','0000-00-00'),(250,1,'jacket',NULL,'0000-00-00','0000-00-00'),(251,1,'year',1,'0000-00-00','0000-00-00'),(252,1,'job/work',NULL,'0000-00-00','0000-00-00'),(253,3,'young',1,'0000-00-00','0000-00-00'),(254,1,'crow',2,'0000-00-00','0000-00-00'),(255,3,'long',NULL,'0000-00-00','0000-00-00'),(256,2,'lick',NULL,'0000-00-00','0000-00-00'),(257,1,'mane',3,'0000-00-00','0000-00-00'),(258,1,'moon',1,'0000-00-00','0000-00-00'),(259,1,'muscle',NULL,'0000-00-00','0000-00-00'),(260,1,'sign',1,'0000-00-00','0000-00-00'),(261,1,'tank (military)',NULL,'0000-00-00','0000-00-00'),(262,1,'noodle',NULL,'0000-00-00','0000-00-00'),(263,1,'uncle',1,'0000-00-00','0000-00-00'),(264,1,'quality',2,'0000-00-00','0000-00-00'),(265,1,'raven',2,'0000-00-00','0000-00-00'),(266,1,'rest, what is remaining',2,'0000-00-00','0000-00-00'),(267,1,'rat (animal)',2,'0000-00-00','0000-00-00'),(268,1,'room (false friend?)',NULL,'0000-00-00','0000-00-00'),(269,3,'right',1,'0000-00-00','0000-00-00'),(270,2,'swim',1,'0000-00-00','0000-00-00'),(271,1,'seal',NULL,'0000-00-00','0000-00-00'),(272,1,'team',1,'0000-00-00','0000-00-00'),(273,1,'affront',3,'0000-00-00','0000-00-00'),(274,1,'accent',2,'0000-00-00','0000-00-00'),(275,3,'active',1,'0000-00-00','0000-00-00'),(276,1,'alpha',2,'0000-00-00','0000-00-00'),(277,1,'alcohol',1,'0000-00-00','0000-00-00'),(278,3,'american',1,'0000-00-00','0000-00-00'),(279,1,'affection',1,'0000-00-00','0000-00-00'),(280,1,'anatomy',2,'0000-00-00','0000-00-00'),(281,1,'anecdote',2,'0000-00-00','0000-00-00'),(282,3,'english',1,'0000-00-00','0000-00-00'),(283,1,'poll (a-)',NULL,'0000-00-00','0000-00-00'),(284,1,'archive',NULL,'0000-00-00','0000-00-00'),(285,1,'army',2,'0000-00-00','0000-00-00'),(286,1,'asthma',NULL,'0000-00-00','0000-00-00'),(287,1,'car',1,'0000-00-00','0000-00-00'),(288,1,'autobiography',NULL,'0000-00-00','0000-00-00'),(289,1,'ballast ',NULL,'0000-00-00','0000-00-00'),(290,1,'bamboo',2,'0000-00-00','0000-00-00'),(291,1,'band !',NULL,'0000-00-00','0000-00-00'),(292,1,'bank (finanse)',NULL,'0000-00-00','0000-00-00'),(293,1,'base',NULL,'0000-00-00','0000-00-00'),(294,3,'beige (color)',NULL,'0000-00-00','0000-00-00'),(295,1,'bible',NULL,'0000-00-00','0000-00-00'),(296,1,'biceps',NULL,'0000-00-00','0000-00-00'),(297,1,'office',NULL,'0000-00-00','0000-00-00'),(298,1,'bluff',3,'0000-00-00','0000-00-00'),(299,1,'bomb',2,'0000-00-00','0000-00-00'),(300,1,'brochure',3,'0000-00-00','0000-00-00'),(301,1,'brothel',3,'0000-00-00','0000-00-00'),(302,1,'goal/target (z-)',2,'0000-00-00','0000-00-00'),(303,1,'certificate',3,'0000-00-00','0000-00-00'),(304,1,'rein (z-)',3,'0000-00-00','0000-00-00'),(305,1,'sugar',2,'0000-00-00','0000-00-00'),(306,1,'zucchini',3,'0000-00-00','0000-00-00'),(307,1,'digit ',2,'0000-00-00','0000-00-00'),(308,1,'cigar',2,'0000-00-00','0000-00-00'),(309,1,'zinc',3,'0000-00-00','0000-00-00'),(311,1,'circus',2,'0000-00-00','0000-00-00'),(312,1,'lemon (c-)',2,'0000-00-00','0000-00-00'),(313,1,'delinquent',3,'0000-00-00','0000-00-00'),(314,1,'detonation',NULL,'0000-00-00','0000-00-00'),(315,1,'devil',2,'0000-00-00','0000-00-00'),(316,1,'doctor',NULL,'0000-00-00','0000-00-00'),(317,1,'dilemma',NULL,'0000-00-00','0000-00-00'),(319,1,'distance',2,'0000-00-00','0000-00-00'),(320,1,'jam',3,'0000-00-00','0000-00-00'),(321,1,'effect',NULL,'0000-00-00','0000-00-00'),(322,1,'exam',1,'0000-00-00','0000-00-00'),(323,2,'exist',NULL,'0000-00-00','0000-00-00'),(324,1,'team (eq-)',2,'0000-00-00','0000-00-00'),(325,1,'screen (ek-)',2,'0000-00-00','0000-00-00'),(326,1,'excitement',3,'0000-00-00','0000-00-00'),(327,1,'explosion',2,'0000-00-00','0000-00-00'),(328,2,'emanate',3,'0000-00-00','0000-00-00'),(329,1,'emotion',2,'0000-00-00','0000-00-00'),(330,1,'episode',2,'0000-00-00','0000-00-00'),(331,1,'aesthetics',3,'0000-00-00','0000-00-00'),(332,9,'Europe',1,'0000-00-00','0000-00-00'),(333,1,'factory',NULL,'0000-00-00','0000-00-00'),(334,1,'family',NULL,'0000-00-00','0000-00-00'),(335,1,'fan',2,'0000-00-00','0000-00-00'),(336,1,'phantom',3,'0000-00-00','0000-00-00'),(337,1,'farba or barwa',NULL,'0000-00-00','0000-00-00'),(338,1,'facade (architecture)',NULL,'0000-00-00','0000-00-00'),(339,1,'fax',2,'0000-00-00','0000-00-00'),(340,1,'phase',NULL,'0000-00-00','0000-00-00'),(341,1,'error, defect, fault',NULL,'0000-00-00','0000-00-00'),(342,3,'strong',NULL,'0000-00-00','0000-00-00'),(343,1,'fiction',2,'0000-00-00','0000-00-00'),(344,1,'film',1,'0000-00-00','0000-00-00'),(345,1,'form, shape',2,'0000-00-00','0000-00-00'),(346,1,'ditch',3,'0000-00-00','0000-00-00'),(347,1,'armchair (f-)',2,'0000-00-00','0000-00-00'),(348,1,'photo',2,'0000-00-00','0000-00-00'),(349,1,'photographer',1,'0000-00-00','0000-00-00'),(350,1,'photograph',1,'0000-00-00','0000-00-00'),(351,1,'owoc or frukt (przestarzałe) ?',2,'0000-00-00','0000-00-00'),(352,1,'faux-pas',3,'0000-00-00','0000-00-00'),(353,1,'gallop',3,'0000-00-00','0000-00-00'),(354,1,'gang',2,'0000-00-00','0000-00-00'),(355,1,'gauze',NULL,'0000-00-00','0000-00-00'),(356,1,'newspaper',NULL,'0000-00-00','0000-00-00'),(357,1,'geyser',NULL,'0000-00-00','0000-00-00'),(358,1,'generation',NULL,'0000-00-00','0000-00-00'),(359,1,'guitar',NULL,'0000-00-00','0000-00-00'),(360,1,'grammar',NULL,'0000-00-00','0000-00-00'),(361,1,'congratulations',NULL,'0000-00-00','0000-00-00'),(362,1,'cent/penny (g-)',NULL,'0000-00-00','0000-00-00'),(363,1,'cave/cavern (gr-)',NULL,'0000-00-00','0000-00-00'),(364,1,'group',NULL,'0000-00-00','0000-00-00'),(365,1,'flu (gr-)',NULL,'0000-00-00','0000-00-00'),(366,1,'hook (check!)',NULL,'0000-00-00','0000-00-00'),(367,1,'hammock',NULL,'0000-00-00','0000-00-00'),(368,1,'hair',NULL,'0000-00-00','0000-00-00'),(369,1,'hyena',2,'0000-00-00','0000-00-00'),(370,1,'hypnosis',3,'0000-00-00','0000-00-00'),(371,1,'idea',2,'0000-00-00','0000-00-00'),(372,1,'idealist',2,'0000-00-00','0000-00-00'),(373,1,'idiot',2,'0000-00-00','0000-00-00'),(374,1,'illusion',2,'0000-00-00','0000-00-00'),(375,1,'imagination',2,'0000-00-00','0000-00-00'),(376,1,'imbecile',NULL,'0000-00-00','0000-00-00'),(377,1,'incident',NULL,'0000-00-00','0000-00-00'),(378,1,'infection',2,'0000-00-00','0000-00-00'),(379,1,'information',NULL,'0000-00-00','0000-00-00'),(380,3,'instinctive',NULL,'0000-00-00','0000-00-00'),(381,2,'invest',2,'0000-00-00','0000-00-00'),(382,1,'jeep',NULL,'0000-00-00','0000-00-00'),(383,9,'Jesus',2,'0000-00-00','0000-00-00'),(384,1,'yoghurt',2,'0000-00-00','0000-00-00'),(385,1,'jeweler',NULL,'0000-00-00','0000-00-00'),(386,1,'cable',NULL,'0000-00-00','0000-00-00'),(387,1,'kabinet (polityczny)',3,'0000-00-00','0000-00-00'),(388,1,'calendar',1,'0000-00-00','0000-00-00'),(389,1,'chameleon',NULL,'0000-00-00','0000-00-00'),(390,1,'channel',NULL,'0000-00-00','0000-00-00'),(391,1,'sofa (c-)',2,'0000-00-00','0000-00-00'),(392,1,'canyon',NULL,'0000-00-00','0000-00-00'),(393,1,'carnaval',NULL,'0000-00-00','0000-00-00'),(394,1,'potato (kart-)',1,'0000-00-00','0000-00-00'),(395,1,'camping',2,'0000-00-00','0000-00-00'),(396,1,'kiosk',NULL,'0000-00-00','0000-00-00'),(397,1,'clown',NULL,'0000-00-00','0000-00-00'),(398,1,'clique ',NULL,'0000-00-00','0000-00-00'),(399,1,'climate',2,'0000-00-00','0000-00-00'),(400,1,'toilet (klo-)',3,'0000-00-00','0000-00-00'),(401,1,'club',2,'0000-00-00','0000-00-00'),(402,1,'cat',1,'0000-00-00','0000-00-00'),(403,1,'dinner (col-)',1,'0000-00-00','0000-00-00'),(404,3,'colloquial',NULL,'0000-00-00','0000-00-00'),(405,1,'comic',2,'0000-00-00','0000-00-00'),(406,1,'compliment',2,'0000-00-00','0000-00-00'),(407,1,'computer',1,'0000-00-00','0000-00-00'),(408,1,'concentraction',NULL,'0000-00-00','0000-00-00'),(409,1,'concept',NULL,'0000-00-00','0000-00-00'),(410,1,'connoiseur',NULL,'0000-00-00','0000-00-00'),(411,1,'competition',NULL,'0000-00-00','0000-00-00'),(412,1,'consequence',NULL,'0000-00-00','0000-00-00'),(413,1,'contraband',NULL,'0000-00-00','0000-00-00'),(414,1,'continent',2,'0000-00-00','0000-00-00'),(415,2,'cooperate',NULL,'0000-00-00','0000-00-00'),(416,1,'nightmare (cauch-)',NULL,'0000-00-00','0000-00-00'),(417,1,'cream',2,'0000-00-00','0000-00-00'),(418,1,'crocodile',NULL,'0000-00-00','0000-00-00'),(419,1,'criminal',2,'0000-00-00','0000-00-00'),(420,1,'culture',2,'0000-00-00','0000-00-00'),(421,1,'art (kun-)',2,'0000-00-00','0000-00-00'),(422,1,'avalanche (la-)',NULL,'0000-00-00','0000-00-00'),(423,1,'lexicon',2,'0000-00-00','0000-00-00'),(424,1,'lion',NULL,'0000-00-00','0000-00-00'),(425,1,'league',NULL,'0000-00-00','0000-00-00'),(426,1,'letter',NULL,'0000-00-00','0000-00-00'),(427,1,'make-up (maq-)',2,'0000-00-00','0000-00-00'),(428,1,'painter (mal-)',NULL,'0000-00-00','0000-00-00'),(429,1,'maniac',3,'0000-00-00','0000-00-00'),(430,1,'marmalade',NULL,'0000-00-00','0000-00-00'),(431,1,'match (game)',2,'0000-00-00','0000-00-00'),(432,1,'metal',2,'0000-00-00','0000-00-00'),(433,1,'subway',NULL,'0000-00-00','0000-00-00'),(434,1,'month ',NULL,'0000-00-00','0000-00-00'),(435,1,'mine',NULL,'0000-00-00','0000-00-00'),(436,1,'minute',1,'0000-00-00','0000-00-00'),(437,1,'honey (m-)',2,'0000-00-00','0000-00-00'),(438,1,'motor',NULL,'0000-00-00','0000-00-00'),(439,1,'fly (insect)',NULL,'0000-00-00','0000-00-00'),(440,1,'museum',NULL,'0000-00-00','0000-00-00'),(441,1,'muslim',2,'0000-00-00','0000-00-00'),(442,1,'music',NULL,'0000-00-00','0000-00-00'),(443,1,'animal',1,'0000-00-00','0000-00-00'),(444,1,'eel',NULL,'0000-00-00','0000-00-00'),(445,1,'adventure',2,'0000-00-00','0000-00-00'),(446,1,'adjective (part of speech)',1,'0000-00-00','0000-00-00'),(447,1,'arm',NULL,'0000-00-00','0000-00-00'),(448,1,'ball',NULL,'0000-00-00','0000-00-00'),(449,1,'bond',2,'0000-00-00','0000-00-00'),(450,1,'brzeg',NULL,'0000-00-00','0000-00-00'),(451,1,'bear',2,'0000-00-00','0000-00-00'),(452,1,'bed',1,'0000-00-00','0000-00-00'),(453,1,'beer',NULL,'0000-00-00','0000-00-00'),(454,3,'blue',1,'0000-00-00','0000-00-00'),(455,1,'book',1,'0000-00-00','0000-00-00'),(456,1,'bull',2,'0000-00-00','0000-00-00'),(457,1,'bus',1,'0000-00-00','0000-00-00'),(458,1,'butter',1,'0000-00-00','0000-00-00'),(459,1,'camp',2,'0000-00-00','0000-00-00'),(460,1,'dinner',NULL,'0000-00-00','0000-00-00'),(461,3,'direct',NULL,'0000-00-00','0000-00-00'),(462,1,'ditto i.e. same as above',NULL,'0000-00-00','0000-00-00'),(463,3,'earnest',NULL,'0000-00-00','0000-00-00'),(464,1,'feather (bird)',NULL,'0000-00-00','0000-00-00'),(465,1,'fiend',NULL,'0000-00-00','0000-00-00'),(466,1,'fire',NULL,'0000-00-00','0000-00-00'),(467,1,'fish',NULL,'0000-00-00','0000-00-00'),(468,1,'friend',1,'0000-00-00','0000-00-00'),(469,1,'gold',NULL,'0000-00-00','0000-00-00'),(470,1,'honey (h-)',NULL,'0000-00-00','0000-00-00'),(471,1,'industry',NULL,'0000-00-00','0000-00-00'),(472,1,'jewel',NULL,'0000-00-00','0000-00-00'),(473,1,'month (mon-)',1,'0000-00-00','0000-00-00'),(474,1,'attitude',2,'0000-00-00','0000-00-00'),(475,1,'welcome (bien-)',NULL,'0000-00-00','0000-00-00'),(476,1,'case',NULL,'0000-00-00','0000-00-00'),(477,1,'cause',NULL,'0000-00-00','0000-00-00'),(478,1,'cinder',3,'0000-00-00','0000-00-00'),(479,1,'sky (c-)',NULL,'0000-00-00','0000-00-00'),(480,1,'dictionary',1,'0000-00-00','0000-00-00'),(481,1,'effort',NULL,'0000-00-00','0000-00-00'),(482,1,'boredom (en-)',3,'0000-00-00','0000-00-00'),(483,1,'stranger',NULL,'0000-00-00','0000-00-00'),(484,1,'book (li-)',NULL,'0000-00-00','0000-00-00'),(485,3,'married',NULL,'0000-00-00','0000-00-00'),(486,1,'mirror',1,'0000-00-00','0000-00-00'),(487,1,'world (mo-)',1,'0000-00-00','0000-00-00'),(488,1,'death (mor-)',2,'0000-00-00','0000-00-00'),(489,1,'pen (plu-)',2,'0000-00-00','0000-00-00'),(490,1,'savant',3,'0000-00-00','0000-00-00'),(491,1,'surprise',2,'0000-00-00','0000-00-00'),(492,1,'tempest',3,'0000-00-00','0000-00-00'),(493,3,'timid, shy',3,'0000-00-00','0000-00-00'),(494,1,'bull (to-)',3,'0000-00-00','0000-00-00'),(495,1,'bicycle (v-)',1,'0000-00-00','0000-00-00'),(496,1,'desire',2,'0000-00-00','0000-00-00'),(497,1,'difference',1,'0000-00-00','0000-00-00'),(498,2,'to desire',2,'0000-00-00','0000-00-00'),(499,3,'poor',2,'0000-00-00','0000-00-00'),(500,1,'question',NULL,'0000-00-00','0000-00-00'),(501,1,'peace (p-)',NULL,'0000-00-00','0000-00-00'),(502,1,'victory',2,'0000-00-00','0000-00-00'),(503,3,'confused',NULL,'0000-00-00','0000-00-00'),(504,1,'nipple',NULL,'0000-00-00','0000-00-00'),(505,3,'ripe',NULL,'0000-00-00','0000-00-00'),(506,1,'ring',NULL,'0000-00-00','0000-00-00'),(507,1,'roll',NULL,'0000-00-00','0000-00-00'),(508,1,'sand',NULL,'0000-00-00','0000-00-00'),(509,1,'sea',NULL,'0000-00-00','0000-00-00'),(510,1,'soul',NULL,'0000-00-00','0000-00-00'),(511,1,'ski',NULL,'0000-00-00','0000-00-00'),(512,1,'sculpture',NULL,'0000-00-00','0000-00-00'),(513,1,'sock',NULL,'0000-00-00','0000-00-00'),(514,1,'sole',NULL,'0000-00-00','0000-00-00'),(515,1,'soldier',3,'0000-00-00','0000-00-00'),(516,1,'summer',1,'0000-00-00','0000-00-00'),(517,2,'stare',NULL,'0000-00-00','0000-00-00'),(518,1,'stone',NULL,'0000-00-00','0000-00-00'),(519,1,'star',2,'0000-00-00','0000-00-00'),(520,2,'stink',NULL,'0000-00-00','0000-00-00'),(521,1,'tobacco',NULL,'0000-00-00','0000-00-00'),(522,1,'aunt',1,'0000-00-00','0000-00-00'),(523,1,'tea (t-)',1,'0000-00-00','0000-00-00'),(524,1,'verb',1,'0000-00-00','0000-00-00'),(525,1,'ware',2,'0000-00-00','0000-00-00'),(526,3,'warm',1,'0000-00-00','0000-00-00'),(527,2,'warn',2,'0000-00-00','0000-00-00'),(528,1,'weight',1,'0000-00-00','0000-00-00'),(529,1,'wind',1,'0000-00-00','0000-00-00'),(530,1,'zone',2,'0000-00-00','0000-00-00'),(531,3,'gay, happy',2,'0000-00-00','0000-00-00'),(532,3,'jealous',2,'0000-00-00','0000-00-00'),(533,1,'service',2,'0000-00-00','0000-00-00'),(534,1,'semen',NULL,'0000-00-00','0000-00-00'),(535,3,'naive',2,'0000-00-00','0000-00-00'),(536,1,'nature',NULL,'0000-00-00','0000-00-00'),(537,1,'niche',NULL,'0000-00-00','0000-00-00'),(538,1,'inn (aub-)',NULL,'0000-00-00','0000-00-00'),(539,1,'ocean',NULL,'0000-00-00','0000-00-00'),(540,1,'offer',2,'0000-00-00','0000-00-00'),(541,1,'victim (o-)',2,'0000-00-00','0000-00-00'),(542,1,'cucumber (g-)',1,'0000-00-00','0000-00-00'),(543,1,'olive',2,'0000-00-00','0000-00-00'),(544,1,'option',1,'0000-00-00','0000-00-00'),(545,1,'opera',2,'0000-00-00','0000-00-00'),(546,1,'operation (medical)',2,'0000-00-00','0000-00-00'),(547,1,'opium',2,'0000-00-00','0000-00-00'),(548,1,'opposition',3,'0000-00-00','0000-00-00'),(549,1,'software',2,'0000-00-00','0000-00-00'),(550,1,'optimism',NULL,'0000-00-00','0000-00-00'),(551,1,'pipe organ',3,'0000-00-00','0000-00-00'),(552,1,'orchestra',NULL,'0000-00-00','0000-00-00'),(553,1,'palace',2,'0000-00-00','0000-00-00'),(554,1,'panic',2,'0000-00-00','0000-00-00'),(555,1,'paper',1,'0000-00-00','0000-00-00'),(556,1,'park',1,'0000-00-00','0000-00-00'),(557,1,'parody',1,'0000-00-00','0000-00-00'),(558,1,'paste',1,'0000-00-00','0000-00-00'),(559,1,'(food)',3,'0000-00-00','0000-00-00'),(560,1,'patron',3,'0000-00-00','0000-00-00'),(561,1,'pause',1,'0000-00-00','0000-00-00'),(562,1,'paean',3,'0000-00-00','0000-00-00'),(563,1,'landscape (pay-)',3,'0000-00-00','0000-00-00'),(564,5,'per capita etc.',2,'0000-00-00','0000-00-00'),(565,1,'pearl',2,'0000-00-00','0000-00-00'),(566,1,'outskirts (peri-)',3,'0000-00-00','0000-00-00'),(567,1,'brush (p-)',3,'0000-00-00','0000-00-00'),(568,1,'picnic',2,'0000-00-00','0000-00-00'),(569,1,'penguin',2,'0000-00-00','0000-00-00'),(570,1,'gun (pis-)',2,'0000-00-00','0000-00-00'),(571,1,'pizza',2,'0000-00-00','0000-00-00'),(572,1,'plankton',NULL,'0000-00-00','0000-00-00'),(573,1,'beach (pl-)',NULL,'0000-00-00','0000-00-00'),(574,1,'police',2,'0000-00-00','0000-00-00'),(575,1,'politician',2,'0000-00-00','0000-00-00'),(576,1,'population',2,'0000-00-00','0000-00-00'),(577,3,'popular',2,'0000-00-00','0000-00-00'),(578,1,'skin pore',3,'0000-00-00','0000-00-00'),(579,1,'practice',NULL,'0000-00-00','0000-00-00'),(580,1,'prefer change part of speech!',2,'0000-00-00','0000-00-00'),(581,1,'program',2,'0000-00-00','0000-00-00'),(582,1,'project',1,'0000-00-00','0000-00-00'),(583,1,'prototype',1,'0000-00-00','0000-00-00'),(584,1,'point',1,'0000-00-00','0000-00-00'),(585,1,'radio',1,'0000-00-00','0000-00-00'),(586,1,'tennis racket',2,'0000-00-00','0000-00-00'),(587,1,'race',2,'0000-00-00','0000-00-00'),(588,2,'react',NULL,'0000-00-00','0000-00-00'),(589,1,'realistic',NULL,'0000-00-00','0000-00-00'),(590,1,'receipt',NULL,'0000-00-00','0000-00-00'),(591,1,'reform',2,'0000-00-00','0000-00-00'),(592,1,'regal',NULL,'0000-00-00','0000-00-00'),(593,1,'regeneration',NULL,'0000-00-00','0000-00-00'),(594,1,'region',NULL,'0000-00-00','0000-00-00'),(595,1,'rule (reg-)',2,'0000-00-00','0000-00-00'),(596,1,'reclamation (complain)',3,'0000-00-00','0000-00-00'),(597,1,'record',2,'0000-00-00','0000-00-00'),(598,1,'recruit',NULL,'0000-00-00','0000-00-00'),(599,1,'pension (ren-)',NULL,'0000-00-00','0000-00-00'),(600,1,'republic',NULL,'0000-00-00','0000-00-00'),(601,2,'reserver',NULL,'0000-00-00','0000-00-00'),(602,1,'result',NULL,'0000-00-00','0000-00-00'),(603,1,'rock (music genre)',NULL,'0000-00-00','0000-00-00'),(604,1,'raisin',3,'0000-00-00','0000-00-00'),(605,1,'rose',NULL,'0000-00-00','0000-00-00'),(606,1,'rubric (check!)',3,'0000-00-00','0000-00-00'),(607,1,'rhythm',2,'0000-00-00','0000-00-00'),(608,1,'ritual',NULL,'0000-00-00','0000-00-00'),(609,1,'risk',2,'0000-00-00','0000-00-00'),(610,2,'risk',2,'0000-00-00','0000-00-00'),(611,1,'rice',1,'0000-00-00','0000-00-00'),(612,1,'room (sa-)',2,'0000-00-00','0000-00-00'),(613,1,'somersault',3,'0000-00-00','0000-00-00'),(614,1,'salad',1,'0000-00-00','0000-00-00'),(615,1,'sac',NULL,'0000-00-00','0000-00-00'),(616,1,'sauna',NULL,'0000-00-00','0000-00-00'),(617,1,'scene',NULL,'0000-00-00','0000-00-00'),(618,1,'second (time)',NULL,'0000-00-00','0000-00-00'),(619,1,'semester',NULL,'0000-00-00','0000-00-00'),(620,1,'sense',NULL,'0000-00-00','0000-00-00'),(621,1,'secretary',NULL,'0000-00-00','0000-00-00'),(622,1,'greeting (serv-)',NULL,'0000-00-00','0000-00-00'),(623,3,'sexy',NULL,'0000-00-00','0000-00-00'),(624,2,'scan',2,'0000-00-00','0000-00-00'),(625,1,'sketch (mark collocations!)',2,'0000-00-00','0000-00-00'),(626,1,'sun',1,'0000-00-00','0000-00-00'),(627,3,'social',2,'0000-00-00','0000-00-00'),(628,1,'sofa',1,'0000-00-00','0000-00-00'),(629,1,'salt',1,'0000-00-00','0000-00-00'),(630,2,'take a walk (sp-)',1,'0000-00-00','0000-00-00'),(631,1,'sperm',2,'0000-00-00','0000-00-00'),(632,1,'splendor',3,'0000-00-00','0000-00-00'),(633,2,'sponsor',3,'0000-00-00','0000-00-00'),(634,3,'sporadic',3,'0000-00-00','0000-00-00'),(635,1,'hardware',2,'0000-00-00','0000-00-00'),(636,1,'stadion',2,'0000-00-00','0000-00-00'),(637,1,'steel',2,'0000-00-00','0000-00-00'),(638,1,'status',1,'0000-00-00','0000-00-00'),(639,1,'statistic',2,'0000-00-00','0000-00-00'),(640,1,'stemple ',2,'0000-00-00','0000-00-00'),(641,1,'student',1,'0000-00-00','0000-00-00'),(642,1,'sum',1,'0000-00-00','0000-00-00'),(643,1,'syllable',2,'0000-00-00','0000-00-00'),(644,1,'symbol',2,'0000-00-00','0000-00-00'),(645,1,'situation',1,'0000-00-00','0000-00-00'),(646,1,'blackmail (ch-)',NULL,'0000-00-00','0000-00-00'),(647,1,'chief',NULL,'0000-00-00','0000-00-00'),(648,2,'schlachten (check!)',3,'0000-00-00','0000-00-00'),(649,1,'hit song (sch-)',NULL,'0000-00-00','0000-00-00'),(650,2,'cry (sch-)',3,'0000-00-00','0000-00-00'),(651,1,'rope (sch-)',NULL,'0000-00-00','0000-00-00'),(652,1,'drawer (sch-)',NULL,'0000-00-00','0000-00-00'),(653,1,'brother-in-law (sch-)',3,'0000-00-00','0000-00-00'),(654,1,'con (sch-)',NULL,'0000-00-00','0000-00-00'),(655,1,'cipher',2,'0000-00-00','0000-00-00'),(656,1,'shield (false friend?)',NULL,'0000-00-00','0000-00-00'),(657,1,'talent',NULL,'0000-00-00','0000-00-00'),(658,2,'dance',NULL,'0000-00-00','0000-00-00'),(659,1,'text',1,'0000-00-00','0000-00-00'),(660,1,'tennis',2,'0000-00-00','0000-00-00'),(661,1,'theory',2,'0000-00-00','0000-00-00'),(662,1,'toilet',NULL,'0000-00-00','0000-00-00'),(663,1,'tone',3,'0000-00-00','0000-00-00'),(664,1,'ton (weight)',2,'0000-00-00','0000-00-00'),(665,1,'torture',3,'0000-00-00','0000-00-00'),(666,3,'tragic',NULL,'0000-00-00','0000-00-00'),(667,1,'triumph',NULL,'0000-00-00','0000-00-00'),(668,3,'tropical',3,'0000-00-00','0000-00-00'),(669,1,'type',NULL,'0000-00-00','0000-00-00'),(670,1,'urn',3,'0000-00-00','0000-00-00'),(671,1,'waga',NULL,'0000-00-00','0000-00-00'),(672,1,'vampire',3,'0000-00-00','0000-00-00'),(673,1,'wata',NULL,'0000-00-00','0000-00-00'),(674,1,'verdict',3,'0000-00-00','0000-00-00'),(675,1,'visit',2,'0000-00-00','0000-00-00'),(676,1,'zero (cyfra)',1,'0000-00-00','0000-00-00'),(677,1,'zombie',3,'0000-00-00','0000-00-00'),(678,1,'zoom',2,'0000-00-00','0000-00-00'),(679,3,'shocked',NULL,'0000-00-00','0000-00-00'),(680,1,'soup',NULL,'0000-00-00','0000-00-00'),(681,1,'murmur',NULL,'0000-00-00','0000-00-00'),(682,1,'bush (plant)',NULL,'0000-00-00','0000-00-00'),(683,1,'end',NULL,'0000-00-00','0000-00-00'),(684,1,'flood',NULL,'0000-00-00','0000-00-00'),(685,4,'here',1,'0000-00-00','0000-00-00'),(686,1,'hoof',NULL,'0000-00-00','0000-00-00'),(687,3,'insolent',NULL,'0000-00-00','0000-00-00'),(688,1,'instinct',NULL,'0000-00-00','0000-00-00'),(689,3,'clear',2,'0000-00-00','0000-00-00'),(690,1,'kiss',NULL,'0000-00-00','0000-00-00'),(691,2,'lean',3,'0000-00-00','0000-00-00'),(692,1,'lip',NULL,'0000-00-00','0000-00-00'),(693,1,'false friend in Russian',NULL,'0000-00-00','0000-00-00'),(694,1,'mane',NULL,'0000-00-00','0000-00-00'),(695,1,'coat (mant-)',3,'0000-00-00','0000-00-00'),(696,1,'mask',NULL,'0000-00-00','0000-00-00'),(697,1,'mascot',NULL,'0000-00-00','0000-00-00'),(698,2,'comprehend',NULL,'0000-00-00','0000-00-00'),(699,1,'cadaver, body',3,'0000-00-00','0000-00-00'),(700,1,'accident',1,'0000-00-00','0000-00-00'),(701,1,'value',2,'0000-00-00','0000-00-00'),(702,1,'nest',NULL,'0000-00-00','0000-00-00'),(703,1,'null (zero)',NULL,'0000-00-00','0000-00-00'),(704,1,'number',NULL,'0000-00-00','0000-00-00'),(705,1,'orange',1,'0000-00-00','0000-00-00'),(706,1,'east',NULL,'0000-00-00','0000-00-00'),(707,1,'plan',NULL,'0000-00-00','0000-00-00'),(708,1,'post office',NULL,'0000-00-00','0000-00-00'),(709,1,'pulp',NULL,'0000-00-00','0000-00-00'),(710,3,'quasi',NULL,'0000-00-00','0000-00-00'),(711,1,'rush',NULL,'0000-00-00','0000-00-00'),(712,1,'religion',NULL,'0000-00-00','0000-00-00'),(713,1,'roast',NULL,'0000-00-00','0000-00-00'),(714,1,'backpack (germanic)',NULL,'0000-00-00','0000-00-00'),(715,3,'round',1,'0000-00-00','0000-00-00'),(716,1,'saddle',3,'0000-00-00','0000-00-00'),(717,1,'shadow',2,'0000-00-00','0000-00-00'),(718,1,'shriek',NULL,'0000-00-00','0000-00-00'),(719,1,'shrine',NULL,'0000-00-00','0000-00-00'),(720,1,'swan (animal)',3,'0000-00-00','0000-00-00'),(721,1,'side',NULL,'0000-00-00','0000-00-00'),(722,1,'shampoo',1,'0000-00-00','0000-00-00'),(723,1,'shoe',NULL,'0000-00-00','0000-00-00'),(724,1,'sight !',NULL,'0000-00-00','0000-00-00'),(725,1,'tomato',1,'0000-00-00','0000-00-00'),(726,3,'vulgar',3,'0000-00-00','0000-00-00'),(728,2,'declare',NULL,'0000-00-00','0000-00-00'),(729,3,'abridged',3,'0000-00-00','0000-00-00'),(730,1,'age',1,'0000-00-00','0000-00-00'),(731,2,'aid, help',2,'0000-00-00','0000-00-00'),(732,1,'eagle',3,'0000-00-00','0000-00-00'),(733,3,'ambiguous',2,'0000-00-00','0000-00-00'),(734,2,'announce',NULL,'0000-00-00','0000-00-00'),(735,1,'attention',NULL,'0000-00-00','0000-00-00'),(736,1,'attraction',NULL,'0000-00-00','0000-00-00'),(737,1,'border',2,'0000-00-00','0000-00-00'),(738,1,'boulevard',3,'0000-00-00','0000-00-00'),(739,3,'calm',NULL,'0000-00-00','0000-00-00'),(740,3,'capable',NULL,'0000-00-00','0000-00-00'),(741,1,'circle',2,'0000-00-00','0000-00-00'),(742,4,'certainly',2,'0000-00-00','0000-00-00'),(743,1,'chain ',NULL,'0000-00-00','0000-00-00'),(744,4,'completely',2,'0000-00-00','0000-00-00'),(745,2,'consider',NULL,'0000-00-00','0000-00-00'),(746,1,'crab',NULL,'0000-00-00','0000-00-00'),(747,1,'crime',NULL,'0000-00-00','0000-00-00'),(748,3,'dangerous',NULL,'0000-00-00','0000-00-00'),(749,2,'discover',NULL,'0000-00-00','0000-00-00'),(750,1,'destiny',NULL,'0000-00-00','0000-00-00'),(751,1,'detail',2,'0000-00-00','0000-00-00'),(752,2,'disappear',NULL,'0000-00-00','0000-00-00'),(753,3,'disappeared (missing)',NULL,'0000-00-00','0000-00-00'),(754,1,'element',NULL,'0000-00-00','0000-00-00'),(755,1,'inhabitant',NULL,'0000-00-00','0000-00-00'),(756,3,'honest',NULL,'0000-00-00','0000-00-00'),(757,1,'honor',NULL,'0000-00-00','0000-00-00'),(758,3,'ignorant',NULL,'0000-00-00','0000-00-00'),(759,3,'important',NULL,'0000-00-00','0000-00-00'),(760,1,'innocence',2,'0000-00-00','0000-00-00'),(761,3,'innocent',NULL,'0000-00-00','0000-00-00'),(762,1,'interest',NULL,'0000-00-00','0000-00-00'),(763,1,'invention',NULL,'0000-00-00','0000-00-00'),(764,3,'invincible',NULL,'0000-00-00','0000-00-00'),(765,1,'joy',NULL,'0000-00-00','0000-00-00'),(766,3,'just, fair',NULL,'0000-00-00','0000-00-00'),(767,1,'lesson',NULL,'0000-00-00','0000-00-00'),(768,3,'long',NULL,'0000-00-00','0000-00-00'),(769,3,'lucid',NULL,'0000-00-00','0000-00-00'),(770,1,'madam',NULL,'0000-00-00','0000-00-00'),(771,3,'magic',NULL,'0000-00-00','0000-00-00'),(772,3,'magnificent',NULL,'0000-00-00','0000-00-00'),(773,1,'mercy (false friend?)',NULL,'0000-00-00','0000-00-00'),(774,1,'mission',NULL,'0000-00-00','0000-00-00'),(775,3,'nervous',NULL,'0000-00-00','0000-00-00'),(776,2,'occupy',NULL,'0000-00-00','0000-00-00'),(777,3,'overt (open easy to see)',NULL,'0000-00-00','0000-00-00'),(778,4,'particularly',3,'0000-00-00','0000-00-00'),(779,1,'painter',NULL,'0000-00-00','0000-00-00'),(780,1,'peril',NULL,'0000-00-00','0000-00-00'),(781,3,'permanent',NULL,'0000-00-00','0000-00-00'),(782,1,'pity',NULL,'0000-00-00','0000-00-00'),(783,1,'potion',NULL,'0000-00-00','0000-00-00'),(784,1,'powder',NULL,'0000-00-00','0000-00-00'),(785,1,'proof',2,'0000-00-00','0000-00-00'),(786,4,'probably',2,'0000-00-00','0000-00-00'),(787,1,'profit',2,'0000-00-00','0000-00-00'),(788,1,'progress',2,'0000-00-00','0000-00-00'),(789,1,'promise',2,'0000-00-00','0000-00-00'),(790,1,'provocation',3,'0000-00-00','0000-00-00'),(791,1,'reaction',2,'0000-00-00','0000-00-00'),(792,2,'receive',NULL,'0000-00-00','0000-00-00'),(793,2,'reduce',NULL,'0000-00-00','0000-00-00'),(794,2,'refuse',NULL,'0000-00-00','0000-00-00'),(795,1,'repair',NULL,'0000-00-00','0000-00-00'),(796,2,'repeat',NULL,'0000-00-00','0000-00-00'),(797,1,'salary',NULL,'0000-00-00','0000-00-00'),(798,2,'save',NULL,'0000-00-00','0000-00-00'),(799,3,'simple',NULL,'0000-00-00','0000-00-00'),(800,4,'simply',2,'0000-00-00','0000-00-00'),(801,1,'subject',1,'0000-00-00','0000-00-00'),(802,1,'suspect',2,'0000-00-00','0000-00-00'),(803,1,'temple',3,'0000-00-00','0000-00-00'),(804,1,'valley',2,'0000-00-00','0000-00-00'),(805,1,'village',2,'0000-00-00','0000-00-00'),(806,1,'visa',2,'0000-00-00','0000-00-00'),(807,3,'visible',2,'0000-00-00','0000-00-00'),(808,2,'arrive',2,'0000-00-00','0000-00-00'),(809,1,'candidate',3,'0000-00-00','0000-00-00'),(810,1,'carnage',3,'0000-00-00','0000-00-00'),(811,1,'chance !',2,'0000-00-00','0000-00-00'),(812,3,'condemned',3,'0000-00-00','0000-00-00'),(813,1,'courage',2,'0000-00-00','0000-00-00'),(814,1,'danger',2,'0000-00-00','0000-00-00'),(815,1,'education ',2,'0000-00-00','0000-00-00'),(816,1,'guard',3,'0000-00-00','0000-00-00'),(817,1,'horde',3,'0000-00-00','0000-00-00'),(818,2,'insist',2,'0000-00-00','0000-00-00'),(819,1,'lamentation',3,'0000-00-00','0000-00-00'),(820,1,'lamp',2,'0000-00-00','0000-00-00'),(821,1,'panorama',3,'0000-00-00','0000-00-00'),(822,1,'permit',NULL,'0000-00-00','0000-00-00'),(823,1,'precaution',NULL,'0000-00-00','0000-00-00'),(824,2,'prepare',NULL,'0000-00-00','0000-00-00'),(825,3,'professional',NULL,'0000-00-00','0000-00-00'),(826,1,'protection',2,'0000-00-00','0000-00-00'),(827,1,'psychology',NULL,'0000-00-00','0000-00-00'),(828,3,'wise (s-)',3,'0000-00-00','0000-00-00'),(829,3,'secure',NULL,'0000-00-00','0000-00-00'),(830,1,'tent',2,'0000-00-00','0000-00-00'),(832,1,'complexion (car-)',3,'0000-00-00','0000-00-00'),(833,1,'hooligan',3,'0000-00-00','0000-00-00'),(834,1,'abdominal (part of speech)',3,'0000-00-00','0000-00-00'),(835,1,'abduction',3,'0000-00-00','0000-00-00'),(836,3,'abundant',3,'0000-00-00','0000-00-00'),(837,1,'abbreviation',3,'0000-00-00','0000-00-00'),(838,4,'absolutely',2,'0000-00-00','0000-00-00'),(840,1,'chimney',NULL,'0000-00-00','0000-00-00'),(841,1,'anger (i-)',NULL,'0000-00-00','0000-00-00'),(842,1,'strawberry (fra-)',2,'0000-00-00','0000-00-00'),(843,2,'regret',2,'0000-00-00','0000-00-00'),(844,3,'mortal',NULL,'0000-00-00','0000-00-00'),(845,1,'altitude',3,'0000-00-00','0000-00-00'),(846,1,'saliva',NULL,'0000-00-00','0000-00-00'),(847,1,'complot (conspiracy)',NULL,'0000-00-00','0000-00-00'),(848,1,'pen',NULL,'0000-00-00','0000-00-00'),(849,1,'essential',2,'0000-00-00','0000-00-00'),(850,1,'reunion',NULL,'0000-00-00','0000-00-00'),(851,1,'allergy',2,'0000-00-00','0000-00-00'),(852,1,'language',1,'0000-00-00','0000-00-00'),(853,1,'tongue (slavic)',1,'0000-00-00','0000-00-00'),(854,1,'maltreatment',3,'0000-00-00','0000-00-00'),(855,1,'pogrom',3,'0000-00-00','0000-00-00'),(856,5,'pomiędzy',1,'0000-00-00','0000-00-00'),(858,1,'road (ch-)',1,'0000-00-00','0000-00-00'),(859,1,'description',2,'0000-00-00','0000-00-00'),(861,3,'vain',3,'0000-00-00','0000-00-00'),(862,3,'serious',NULL,'0000-00-00','0000-00-00'),(863,2,'describe',NULL,'0000-00-00','0000-00-00'),(864,3,'easy (romance languages)',1,'0000-00-00','0000-00-00'),(865,3,'useless (inu-)',2,'0000-00-00','0000-00-00'),(866,3,'urgent',NULL,'0000-00-00','0000-00-00'),(867,1,'example',1,'0000-00-00','0000-00-00'),(868,3,'sad (tri-)',1,'0000-00-00','0000-00-00'),(869,1,'impulse',NULL,'0000-00-00','0000-00-00'),(870,3,'subtle',2,'0000-00-00','0000-00-00'),(871,1,'favour',3,'0000-00-00','0000-00-00'),(872,1,'permission',NULL,'0000-00-00','0000-00-00'),(873,1,'battery',2,'0000-00-00','0000-00-00'),(874,1,'wolf',1,'0000-00-00','0000-00-00'),(875,1,'workshop',2,'0000-00-00','0000-00-00'),(877,1,'coalition',3,'0000-00-00','0000-00-00'),(878,2,'begin',2,'0000-00-00','0000-00-00'),(879,1,'campus',3,'0000-00-00','0000-00-00'),(880,1,'boycott',3,'0000-00-00','0000-00-00'),(881,2,'to boycott',3,'0000-00-00','0000-00-00'),(882,1,'narcosis',3,'0000-00-00','0000-00-00'),(883,1,'mushroom (champ-)',2,'0000-00-00','0000-00-00'),(884,1,'shark (req-)',2,'0000-00-00','0000-00-00'),(886,1,'crisis',2,'0000-00-00','0000-00-00'),(888,1,'gaffe',NULL,'0000-00-00','0000-00-00'),(891,1,'country',NULL,'0000-00-00','0000-00-00'),(892,2,'treat',NULL,'0000-00-00','0000-00-00'),(893,1,'athlete',NULL,'0000-00-00','0000-00-00'),(895,2,'sense',NULL,'0000-00-00','0000-00-00'),(897,1,'expansion',2,'0000-00-00','0000-00-00'),(898,3,'local',2,'0000-00-00','0000-00-00'),(899,1,'island',2,'0000-00-00','0000-00-00'),(900,1,'track (pis-)',3,'0000-00-00','0000-00-00'),(901,1,'??',NULL,'0000-00-00','0000-00-00'),(903,1,'formality',3,'0000-00-00','0000-00-00'),(905,1,'philosophy',2,'0000-00-00','0000-00-00'),(906,1,'lash (pe-)',3,'0000-00-00','0000-00-00'),(907,1,'lampshade (aba-)',3,'0000-00-00','0000-00-00'),(908,1,'carriage (karo-)',3,'0000-00-00','0000-00-00'),(909,1,'pupil (anatomy)',3,'0000-00-00','0000-00-00'),(910,1,'crown',2,'0000-00-00','0000-00-00'),(911,1,'palette',2,'0000-00-00','0000-00-00'),(912,1,'bottle',1,'0000-00-00','0000-00-00'),(913,1,'stomache',2,'0000-00-00','0000-00-00'),(914,1,'sponge',2,'0000-00-00','0000-00-00'),(915,1,'dome (cop-)',2,'0000-00-00','0000-00-00'),(916,1,'surgeon (chi-)',2,'0000-00-00','0000-00-00'),(917,1,'iris',2,'0000-00-00','0000-00-00'),(919,1,'claw',3,'0000-00-00','0000-00-00'),(920,3,'hard',1,'0000-00-00','0000-00-00'),(921,1,'bowl',2,'0000-00-00','0000-00-00'),(922,1,'pin / tack',2,'0000-00-00','0000-00-00'),(923,1,'television',1,'0000-00-00','0000-00-00'),(924,1,'palm tree',2,'0000-00-00','0000-00-00'),(925,1,'cube',2,'0000-00-00','0000-00-00'),(926,1,'bonnet (headgear)',3,'0000-00-00','0000-00-00'),(927,1,'pulse (medical)',2,'0000-00-00','0000-00-00'),(928,1,'banana',1,'0000-00-00','0000-00-00'),(929,1,'pyjamas',1,'0000-00-00','0000-00-00'),(930,1,'queue',2,'0000-00-00','0000-00-00'),(931,1,'scorpion',2,'0000-00-00','0000-00-00'),(932,1,'archer',3,'0000-00-00','0000-00-00'),(933,1,'grass (herb) herb herbe false friend!',NULL,'0000-00-00','0000-00-00'),(934,1,'drop (slavic)',2,'0000-00-00','0000-00-00'),(935,1,'thermos',2,'0000-00-00','0000-00-00'),(936,1,'musical note',2,'0000-00-00','0000-00-00'),(937,1,'dune',3,'0000-00-00','0000-00-00'),(938,1,'balcony',1,'0000-00-00','0000-00-00'),(939,1,'mat',3,'0000-00-00','0000-00-00'),(940,1,'god',1,'0000-00-00','0000-00-00'),(941,9,'Germany',1,'0000-00-00','0000-00-00'),(942,9,'Poland',1,'0000-00-00','0000-00-00'),(943,1,'France',1,'0000-00-00','0000-00-00'),(944,1,'friend',1,'0000-00-00','0000-00-00'),(945,1,'lampshade',3,'0000-00-00','0000-00-00'),(946,1,'ballpen',1,'0000-00-00','0000-00-00'),(947,6,'I (slavic)',1,'0000-00-00','0000-00-00'),(948,6,'singular you (slavic)',1,'0000-00-00','0000-00-00'),(949,4,'where (slavic)',1,'0000-00-00','0000-00-00'),(950,1,'prince',2,'0000-00-00','0000-00-00'),(951,1,'crows feet',3,'0000-00-00','0000-00-00'),(952,10,'hier ger-fra',3,'0000-00-00','0000-00-00'),(953,1,'legend (saga)',3,'0000-00-00','0000-00-00'),(954,1,'tea (ch-)',1,'0000-00-00','0000-00-00'),(955,10,'gang',2,'0000-00-00','0000-00-00'),(956,1,'hand',3,'0000-00-00','0000-00-00'),(957,1,'??',NULL,'0000-00-00','0000-00-00'),(958,1,'house (romantic)',1,'0000-00-00','0000-00-00'),(959,1,'water (romantic)',1,'0000-00-00','0000-00-00'),(960,1,'water (germanic)',1,'0000-00-00','0000-00-00'),(961,1,'address',1,'0000-00-00','0000-00-00'),(962,1,'computer mouse',1,'0000-00-00','0000-00-00'),(963,1,'keyboard',1,'0000-00-00','0000-00-00'),(964,1,'combine',3,'0000-00-00','0000-00-00'),(965,1,'clique',3,'0000-00-00','0000-00-00'),(966,1,'spaghetti',1,'0000-00-00','0000-00-00'),(967,1,'hamburger',1,'0000-00-00','0000-00-00'),(968,10,'umbrella (para-)',1,'0000-00-00','0000-00-00'),(990,1,'poczta elektroniczna',1,'0000-00-00','0000-00-00'),(991,1,'??',NULL,'0000-00-00','0000-00-00'),(992,1,'bad luck',2,'0000-00-00','0000-00-00'),(993,1,'??',NULL,'0000-00-00','0000-00-00'),(994,2,'to begin',1,'0000-00-00','0000-00-00'),(995,2,'to drink ',1,'0000-00-00','0000-00-00'),(997,2,'to make a reservation',1,'0000-00-00','0000-00-00'),(998,1,'water (slavic)',1,'0000-00-00','0000-00-00'),(999,1,'train (transport)',1,'0000-00-00','0000-00-00'),(1000,6,'plural you (slavic)',1,'0000-00-00','0000-00-00'),(1001,1,'workshop, training',2,'0000-00-00','0000-00-00'),(1002,1,'press (news)',2,'0000-00-00','0000-00-00'),(1003,1,'plan',2,'0000-00-00','0000-00-00'),(1004,1,'phonetics',NULL,'0000-00-00','0000-00-00'),(1005,1,'catalogue ',2,'0000-00-00','0000-00-00'),(1006,1,'product',2,'0000-00-00','0000-00-00'),(1007,3,'new (slavic) indo-european?',1,'0000-00-00','0000-00-00'),(1200,1,'network (IT)',NULL,'0000-00-00','0000-00-00'),(1201,1,'coffee',0,'0000-00-00','0000-00-00'),(1202,1,'rich (slavic)',NULL,'0000-00-00','0000-00-00'),(1203,1,'?',NULL,'0000-00-00','0000-00-00'),(1204,1,'',NULL,'0000-00-00','0000-00-00'),(1205,1,'',NULL,'0000-00-00','0000-00-00'),(1206,1,'',NULL,'0000-00-00','0000-00-00'),(1207,1,'',NULL,'0000-00-00','0000-00-00'),(1208,1,'',NULL,'0000-00-00','0000-00-00'),(1209,1,'',NULL,'0000-00-00','0000-00-00'),(1210,1,'',NULL,'0000-00-00','0000-00-00'),(1211,1,'',NULL,'0000-00-00','0000-00-00'),(1212,1,'',NULL,'0000-00-00','0000-00-00'),(1213,1,'',NULL,'0000-00-00','0000-00-00'),(1214,1,'',NULL,'0000-00-00','0000-00-00'),(1215,1,'',NULL,'0000-00-00','0000-00-00'),(1216,1,'',NULL,'0000-00-00','0000-00-00'),(1217,1,'programmer',NULL,'0000-00-00','0000-00-00'),(1218,1,'intern',NULL,'0000-00-00','0000-00-00'),(1219,1,' ',NULL,'0000-00-00','0000-00-00'),(1220,1,' ',NULL,'0000-00-00','0000-00-00'),(1221,1,' democracy',NULL,'0000-00-00','0000-00-00'),(1222,1,' ',NULL,'0000-00-00','0000-00-00'),(1223,1,' ',NULL,'0000-00-00','0000-00-00'),(1224,1,' ',NULL,'0000-00-00','0000-00-00'),(1225,1,'father (germanic)',NULL,'0000-00-00','0000-00-00'),(1226,1,'mother (germanic)',NULL,'0000-00-00','0000-00-00'),(1227,1,'conman (hoch-)',NULL,'0000-00-00','0000-00-00'),(1228,1,'',NULL,'0000-00-00','0000-00-00'),(1229,1,'',NULL,'0000-00-00','0000-00-00'),(1230,1,'',NULL,'0000-00-00','0000-00-00'),(1231,1,'',NULL,'0000-00-00','0000-00-00'),(1232,1,'',NULL,'0000-00-00','0000-00-00'),(1233,1,'',NULL,'0000-00-00','0000-00-00'),(1234,1,'',NULL,'0000-00-00','0000-00-00'),(1235,1,'',NULL,'0000-00-00','0000-00-00'),(1236,1,'',NULL,'0000-00-00','0000-00-00'),(1237,1,'',NULL,'0000-00-00','0000-00-00'),(1238,1,'',NULL,'0000-00-00','0000-00-00'),(1239,1,'',NULL,'0000-00-00','0000-00-00'),(1240,1,'',NULL,'0000-00-00','0000-00-00'),(1241,1,'',NULL,'0000-00-00','0000-00-00'),(1242,1,'',NULL,'0000-00-00','0000-00-00'),(1243,1,'',NULL,'0000-00-00','0000-00-00'),(1244,1,'blood (germanic)',NULL,'0000-00-00','0000-00-00'),(1245,1,'dystopia',NULL,'0000-00-00','0000-00-00'),(1246,1,'utopia',NULL,'0000-00-00','0000-00-00'),(1247,4,'intensively',NULL,'0000-00-00','0000-00-00'),(1248,1,'Russia',NULL,'0000-00-00','0000-00-00'),(1249,1,'intern (pra-)',NULL,'0000-00-00','0000-00-00'),(1250,1,'foot (slavic)',NULL,'0000-00-00','0000-00-00'),(1251,1,'lipstick',NULL,'0000-00-00','0000-00-00'),(1252,1,'asphalt',NULL,'0000-00-00','0000-00-00'),(1253,1,'steak',NULL,'0000-00-00','0000-00-00'),(1254,1,'oasis',NULL,'0000-00-00','0000-00-00'),(1255,1,'apartment',NULL,'0000-00-00','0000-00-00'),(1256,1,'scooter',NULL,'0000-00-00','0000-00-00'),(1257,1,'internet',NULL,'0000-00-00','0000-00-00'),(1258,1,'printer',NULL,'0000-00-00','0000-00-00'),(1259,1,'printer (dr-)',NULL,'0000-00-00','0000-00-00'),(1260,1,'print (dr-)',NULL,'0000-00-00','0000-00-00'),(1261,1,'sweater',NULL,'0000-00-00','0000-00-00');
/*!40000 ALTER TABLE `word` ENABLE KEYS */;
UNLOCK TABLES;

--
-- Table structure for table `word_category`
--

DROP TABLE IF EXISTS `word_category`;
/*!40101 SET @saved_cs_client     = @@character_set_client */;
/*!40101 SET character_set_client = utf8 */;
CREATE TABLE `word_category` (
  `WordId` int(11) NOT NULL,
  `CategoryId` int(11) NOT NULL,
  UNIQUE KEY `WordId` (`WordId`),
  UNIQUE KEY `CategoryId` (`CategoryId`),
  CONSTRAINT `word_category_ibfk_2` FOREIGN KEY (`CategoryId`) REFERENCES `category` (`Id`) ON DELETE NO ACTION ON UPDATE NO ACTION,
  CONSTRAINT `word_category_ibfk_1` FOREIGN KEY (`WordId`) REFERENCES `word` (`Id`) ON DELETE NO ACTION ON UPDATE NO ACTION
) ENGINE=InnoDB DEFAULT CHARSET=utf8;
/*!40101 SET character_set_client = @saved_cs_client */;

--
-- Dumping data for table `word_category`
--

LOCK TABLES `word_category` WRITE;
/*!40000 ALTER TABLE `word_category` DISABLE KEYS */;
/*!40000 ALTER TABLE `word_category` ENABLE KEYS */;
UNLOCK TABLES;

--
-- Dumping events for database 'languag5_languages'
--

--
-- Dumping routines for database 'languag5_languages'
--
/*!50003 DROP PROCEDURE IF EXISTS `UpdateCell` */;
/*!50003 SET @saved_cs_client      = @@character_set_client */ ;
/*!50003 SET @saved_cs_results     = @@character_set_results */ ;
/*!50003 SET @saved_col_connection = @@collation_connection */ ;
/*!50003 SET character_set_client  = utf8 */ ;
/*!50003 SET character_set_results = utf8 */ ;
/*!50003 SET collation_connection  = utf8_general_ci */ ;
/*!50003 SET @saved_sql_mode       = @@sql_mode */ ;
/*!50003 SET sql_mode              = '' */ ;
DELIMITER ;;
CREATE DEFINER=`languag5`@`localhost` PROCEDURE `UpdateCell`(IN `tableName` CHAR CHARSET utf8, IN `pk` INT(5) UNSIGNED, IN `value` CHAR CHARSET utf8, IN `columnName` CHAR CHARSET utf8)
    MODIFIES SQL DATA
    SQL SECURITY INVOKER
INSERT INTO tableName (id,columnName)
VALUES (pk,value) 
ON DUPLICATE KEY UPDATE columnName=value ;;
DELIMITER ;
/*!50003 SET sql_mode              = @saved_sql_mode */ ;
/*!50003 SET character_set_client  = @saved_cs_client */ ;
/*!50003 SET character_set_results = @saved_cs_results */ ;
/*!50003 SET collation_connection  = @saved_col_connection */ ;
/*!50003 DROP PROCEDURE IF EXISTS `UpdateType` */;
/*!50003 SET @saved_cs_client      = @@character_set_client */ ;
/*!50003 SET @saved_cs_results     = @@character_set_results */ ;
/*!50003 SET @saved_col_connection = @@collation_connection */ ;
/*!50003 SET character_set_client  = utf8 */ ;
/*!50003 SET character_set_results = utf8 */ ;
/*!50003 SET collation_connection  = utf8_general_ci */ ;
/*!50003 SET @saved_sql_mode       = @@sql_mode */ ;
/*!50003 SET sql_mode              = '' */ ;
DELIMITER ;;
CREATE DEFINER=`languag5`@`localhost` PROCEDURE `UpdateType`(IN `typeid` INT(5) UNSIGNED, IN `wordid` INT(2) UNSIGNED)
    MODIFIES SQL DATA
UPDATE word
SET TypeId = typeid
WHERE Id = wordid ;;
DELIMITER ;
/*!50003 SET sql_mode              = @saved_sql_mode */ ;
/*!50003 SET character_set_client  = @saved_cs_client */ ;
/*!50003 SET character_set_results = @saved_cs_results */ ;
/*!50003 SET collation_connection  = @saved_col_connection */ ;
/*!40103 SET TIME_ZONE=@OLD_TIME_ZONE */;

/*!40101 SET SQL_MODE=@OLD_SQL_MODE */;
/*!40014 SET FOREIGN_KEY_CHECKS=@OLD_FOREIGN_KEY_CHECKS */;
/*!40014 SET UNIQUE_CHECKS=@OLD_UNIQUE_CHECKS */;
/*!40101 SET CHARACTER_SET_CLIENT=@OLD_CHARACTER_SET_CLIENT */;
/*!40101 SET CHARACTER_SET_RESULTS=@OLD_CHARACTER_SET_RESULTS */;
/*!40101 SET COLLATION_CONNECTION=@OLD_COLLATION_CONNECTION */;
/*!40111 SET SQL_NOTES=@OLD_SQL_NOTES */;

-- Dump completed on 2017-02-06 22:08:43
